id,height,weight,college,position,name,tackles_above_expected,star_1_made,star_1_missed,star_2_made,star_2_missed,star_3_made,star_3_missed,star_4_made,star_4_missed,star_5_made,star_5_missed,star_1_pct,star_2_pct,star_3_pct,star_4_pct,star_5_pct
54704,6-1,201,Yale,FS,Rodney Thomas,6.205330640518935,2,0,1,1,0,5,2,14,6,55,1,0.5,0,0.125,0.09836065573770492
43350,5-11,205,Ohio State,SS,Vonn Bell,2.0742351484092953,9,0,4,7,4,29,1,26,2,47,1,0.36363636363636365,0.12121212121212122,0.037037037037037035,0.04081632653061224
53641,6-1,195,Pittsburgh,SS,Damar Hamlin,6.470197217810909,3,1,7,5,4,11,3,13,2,56,0.75,0.5833333333333334,0.26666666666666666,0.1875,0.034482758620689655
46194,5-9,184,Pittsburgh,CB,Avonte Maddox,-4.6443408870191405,5,9,7,4,1,14,1,4,0,48,0.35714285714285715,0.6363636363636364,0.06666666666666667,0.2,0
52416,6-3,225,Clemson,DB,Isaiah Simmons,-1.4955193773964122,5,5,8,13,5,28,4,28,1,57,0.5,0.38095238095238093,0.15151515151515152,0.125,0.017241379310344827
53487,6-0,232,Missouri,ILB,Nick Bolton,5.191568285522448,9,3,7,6,7,16,4,40,3,66,0.75,0.5384615384615384,0.30434782608695654,0.09090909090909091,0.043478260869565216
42116,5-11,210,Texas,SS,Adrian Phillips,-2.582451711873074,5,4,4,6,5,10,3,18,1,51,0.5555555555555556,0.4,0.3333333333333333,0.14285714285714285,0.019230769230769232
44837,5-11,213,Michigan,SS,Jabrill Peppers,3.3163215535053068,2,1,5,1,4,5,3,12,0,22,0.6666666666666666,0.8333333333333334,0.4444444444444444,0.2,0
52527,6-3,219,Fresno State,ILB,Mykal Walker,1.0510068032512447,8,1,14,17,6,31,2,36,0,68,0.8888888888888888,0.45161290322580644,0.16216216216216217,0.05263157894736842,0
44827,6-1,212,Ohio State,FS,Malik Hooker,2.7002382294827143,3,1,7,3,5,8,3,34,0,46,0.75,0.7,0.38461538461538464,0.08108108108108109,0
46652,5-11,189,Georgia State,CB,Chandon Sullivan,-4.959796604965332,10,5,2,9,3,17,0,8,1,91,0.6666666666666666,0.18181818181818182,0.15,0,0.010869565217391304
45215,6-1,230,Cincinnati,OLB,Eric Wilson,-0.8621219746346274,0,0,0,1,1,2,0,1,0,1,,0,0.3333333333333333,0,0
54523,6-3,230,Montana State,ILB,Troy Andersen,1.659486773496118,2,2,8,5,4,10,3,6,0,28,0.5,0.6153846153846154,0.2857142857142857,0.3333333333333333,0
42929,6-2,242,Montana State,OLB,Alex Singleton,0.6551958746055356,10,6,9,7,4,13,5,17,0,29,0.625,0.5625,0.23529411764705882,0.22727272727272727,0
43387,6-2,202,Boston College,FS,Justin Simmons,-0.027718057670688134,3,3,4,4,5,7,0,20,1,37,0.5,0.5,0.4166666666666667,0,0.02631578947368421
42388,6-0,232,UCLA,ILB,Eric Kendricks,2.0767058866905415,6,3,5,11,8,25,4,38,2,64,0.6666666666666666,0.3125,0.24242424242424243,0.09523809523809523,0.030303030303030304
52613,6-0,210,Michigan,SS,Josh Metellus,1.1528418625196257,4,1,1,2,1,2,2,4,0,9,0.8,0.3333333333333333,0.3333333333333333,0.3333333333333333,0
47996,6-0,204,Texas A&amp;M,SS,Donovan Wilson,5.377987282512355,5,2,9,3,2,18,3,28,2,61,0.7142857142857143,0.75,0.1,0.0967741935483871,0.031746031746031744
53455,6-1,188,Northwestern,CB,Greg Newsome,-4.2199957279386835,3,5,5,8,0,18,1,16,1,52,0.375,0.38461538461538464,0,0.058823529411764705,0.018867924528301886
47929,6-2,203,Penn State,CB,Amani Oruwariye,-0.1647463614088186,9,7,5,5,1,11,1,13,1,39,0.5625,0.5,0.08333333333333333,0.07142857142857142,0.025
43407,6-0,212,North Carolina State,SS,Juston Burris,1.6281519693302138,3,0,0,1,1,8,2,12,2,30,1,0,0.1111111111111111,0.14285714285714285,0.0625
48241,5-10,200,South Carolina,CB,Keisean Nixon,-0.06181508228444699,4,0,1,6,1,5,0,3,0,18,1,0.14285714285714285,0.16666666666666666,0,0
53458,6-1,190,Georgia,CB,Eric Stokes,-1.2023268847681012,6,3,1,8,3,8,0,19,0,50,0.6666666666666666,0.1111111111111111,0.2727272727272727,0,0
53601,5-11,202,Oregon,CB,Deommodore Lenoir,-0.34433180957924137,8,3,8,11,2,18,1,9,1,51,0.7272727272727273,0.42105263157894735,0.1,0.1,0.019230769230769232
44815,6-2,280,Stanford,DT,Solomon Thomas,0.11682148872615905,0,0,0,0,0,3,1,10,0,37,,,0,0.09090909090909091,0
52663,6-3,235,Georgia,ILB,Tae Crowder,-1.3384722345310562,2,1,3,8,3,20,0,28,0,37,0.6666666666666666,0.2727272727272727,0.13043478260869565,0,0
44872,6-0,202,Colorado,CB,Chidobe Awuzie,3.304680580471959,11,1,0,7,3,8,2,16,2,63,0.9166666666666666,0,0.2727272727272727,0.1111111111111111,0.03076923076923077
54470,6-5,250,Oregon,OLB,Kayvon Thibodeaux,-2.40613058875044,0,1,0,4,1,14,0,14,0,54,0,0,0.06666666666666667,0,0
43333,6-5,287,Illinois,OLB,Jihad Ward,-1.41450458000962,0,1,0,3,1,11,1,23,0,59,0,0,0.08333333333333333,0.041666666666666664,0
43327,6-1,200,Baylor,CB,Xavien Howard,-4.357392483927017,8,5,5,12,0,18,2,24,1,89,0.6153846153846154,0.29411764705882354,0,0.07692307692307693,0.011111111111111112
46212,6-2,255,Purdue,ILB,Ja'Whaun Bentley,0.5815593985583603,1,1,1,10,5,15,2,21,2,38,0.5,0.09090909090909091,0.25,0.08695652173913043,0.05
52991,5-8,180,Washington,CB,Myles Bryant,2.2420161210378566,9,2,3,4,2,16,3,9,1,38,0.8181818181818182,0.42857142857142855,0.1111111111111111,0.25,0.02564102564102564
54533,6-2,200,Mississippi State,CB,Martin Emerson,1.9844993227493208,9,3,5,5,3,3,2,9,1,50,0.75,0.5,0.5,0.18181818181818182,0.0196078431372549
46211,5-9,188,Kansas State,CB,D.J. Reed,0.3686136713338737,10,1,4,12,1,15,3,21,0,94,0.9090909090909091,0.25,0.0625,0.125,0
52619,5-10,170,Massachusetts,CB,Isaiah Rodgers,2.288737446128642,2,1,2,4,2,5,0,2,2,35,0.6666666666666666,0.3333333333333333,0.2857142857142857,0,0.05405405405405406
52624,6-2,203,Arkansas,SS,Kamren Curl,1.807463562273492,7,0,4,9,4,12,0,13,2,51,1,0.3076923076923077,0.25,0,0.03773584905660377
43376,6-2,235,Utah State,ILB,Nick Vigil,0.11567450278674551,4,0,0,2,1,6,1,3,0,10,1,0,0.14285714285714285,0.25,0
46073,5-11,191,Ohio State,CB,Denzel Ward,-1.991630718430135,6,3,4,7,3,1,0,9,0,38,0.6666666666666666,0.36363636363636365,0.75,0,0
46087,5-10,196,Louisville,CB,Jaire Alexander,-2.9323738344133776,5,6,2,3,1,9,1,9,0,35,0.45454545454545453,0.4,0.1,0.1,0
42401,6-3,260,Missouri,OLB,Markus Golden,-1.6168725029085518,1,1,1,5,2,18,0,25,1,89,0.5,0.16666666666666666,0.1,0,0.011111111111111112
47864,6-1,207,Boston College,SS,Will Harris,0.7271316705891103,4,0,5,6,0,15,1,8,0,22,1,0.45454545454545453,0,0.1111111111111111,0
46186,5-10,198,Pittsburgh,SS,Jordan Whitehead,7.596853796128013,3,0,6,7,6,23,3,35,4,74,1,0.46153846153846156,0.20689655172413793,0.07894736842105263,0.05128205128205128
42368,6-0,230,Washington,ILB,Shaq Thompson,-2.837888795264061,4,6,3,15,4,31,3,34,0,59,0.4,0.16666666666666666,0.11428571428571428,0.08108108108108109,0
46124,5-10,180,Louisiana State,CB,Donte Jackson,-4.704270202248674,9,4,7,7,2,10,0,19,1,49,0.6923076923076923,0.5,0.16666666666666666,0,0.02
52417,6-1,191,Florida,CB,C.J. Henderson,0.4993718443221238,8,3,10,2,1,12,0,13,2,41,0.7272727272727273,0.8333333333333334,0.07692307692307693,0,0.046511627906976744
35459,5-10,185,Alabama,SS,Kareem Jackson,2.057431963022224,5,1,3,10,4,24,3,29,4,76,0.8333333333333334,0.23076923076923078,0.14285714285714285,0.09375,0.05
53438,6-2,203,Alabama,CB,Patrick Surtain,1.1454338350959303,9,0,6,7,3,14,0,24,0,90,1,0.46153846153846156,0.17647058823529413,0,0
52546,6-1,193,Louisiana Tech,CB,L'Jarius Sneed,-0.5111504983875794,10,5,13,7,5,20,1,22,1,80,0.6666666666666666,0.65,0.2,0.043478260869565216,0.012345679012345678
52468,6-2,250,Michigan,OLB,Josh Uche,-0.16784878430227956,0,0,2,2,2,7,0,5,0,21,,0.5,0.2222222222222222,0,0
46204,6-4,288,Stephen F. Austin,DE,John Franklin-Myers,0.6309253796824434,0,0,1,1,1,7,0,21,0,64,,0.5,0.125,0,0
54495,6-4,275,Purdue,DE,George Karlaftis,-1.9733786307076349,0,0,0,4,1,13,1,25,0,76,,0,0.07142857142857142,0.038461538461538464,0
43301,6-2,305,Louisville,DT,Sheldon Rankins,-0.8420999599175952,0,0,1,1,0,8,0,16,0,52,,0.5,0,0,0
46081,6-4,347,Washington,NT,Vita Vea,-0.5211061918347746,0,0,0,1,1,4,0,18,0,85,,0,0.2,0,0
46153,6-3,309,North Carolina State,DT,Justin Jones,-1.3402305183503267,0,0,0,4,1,10,1,22,1,58,,0,0.09090909090909091,0.043478260869565216,0.01694915254237288
47867,6-0,324,Western Illinois,DT,Khalen Saunders,2.9046555214516636,0,0,3,0,2,2,1,12,1,29,,1,0.5,0.07692307692307693,0.03333333333333333
54937,5-11,194,Oregon,SS,Verone McKinley,0.6185570094639051,0,0,1,1,1,0,0,7,0,16,,0.5,1,0,0
52571,5-11,190,Georgia Southern,CB,Kindle Vildor,-1.3049286279941654,4,2,7,2,1,17,0,18,1,63,0.6666666666666666,0.7777777777777778,0.05555555555555555,0,0.015625
42393,5-11,193,Florida State,CB,Ronald Darby,-1.188202435801603,4,2,0,2,1,9,2,12,0,45,0.6666666666666666,0,0.1,0.14285714285714285,0
53469,6-0,194,Central Florida,SS,Richie Grant,5.577569706481869,10,3,6,14,5,25,6,43,2,102,0.7692307692307693,0.3,0.16666666666666666,0.12244897959183673,0.019230769230769232
43353,5-11,212,Middle Tennessee,FS,Kevin Byard,4.07888197367012,9,4,14,9,5,29,5,48,2,73,0.6923076923076923,0.6086956521739131,0.14705882352941177,0.09433962264150944,0.02666666666666667
52706,6-4,250,Indiana State,ILB,Jonas Griffith,0.012368274154038739,8,2,5,6,5,17,2,23,1,25,0.8,0.45454545454545453,0.22727272727272727,0.08,0.038461538461538464
46775,6-1,198,Maryland,CB,J.C. Jackson,-1.4544520611531002,10,3,0,5,0,5,1,14,0,41,0.7692307692307693,0,0,0.06666666666666667,0
52435,6-1,245,Texas Tech,ILB,Jordyn Brooks,4.406487059520679,8,2,10,10,10,34,2,27,3,69,0.8,0.5,0.22727272727272727,0.06896551724137931,0.041666666666666664
54562,6-1,200,Illinois,SS,Kerby Joseph,3.2871395608518625,5,1,4,4,2,14,4,14,0,27,0.8333333333333334,0.5,0.125,0.2222222222222222,0
42467,6-1,227,Louisiana State,OLB,Kwon Alexander,0.16388496700086852,6,2,5,7,2,10,2,15,0,33,0.75,0.4166666666666667,0.16666666666666666,0.11764705882352941,0
54469,6-3,200,Cincinnati,CB,Ahmad Gardner,0.9371584891451099,11,4,11,11,1,16,2,18,0,82,0.7333333333333333,0.5,0.058823529411764705,0.1,0
44999,6-0,205,Virginia Tech,SS,Chuck Clark,5.090316202605873,8,1,3,7,8,25,5,31,2,94,0.8888888888888888,0.3,0.24242424242424243,0.1388888888888889,0.020833333333333332
46846,6-0,203,Nebraska,FS,Joshua Kalu,-0.15467902427460223,1,3,3,5,6,14,1,15,0,31,0.25,0.375,0.3,0.0625,0
52478,6-0,205,Texas,SS,Brandon Jones,1.0739753952265039,6,2,10,14,5,15,3,21,1,45,0.75,0.4166666666666667,0.25,0.125,0.021739130434782608
52411,6-1,200,Ohio State,CB,Jeff Okudah,-0.20787566244516664,15,4,1,14,3,15,2,10,0,68,0.7894736842105263,0.06666666666666667,0.16666666666666666,0.16666666666666666,0
38588,6-1,233,Nebraska,ILB,Lavonte David,3.002240263544836,11,5,4,7,11,25,1,20,2,77,0.6875,0.36363636363636365,0.3055555555555556,0.047619047619047616,0.02531645569620253
47974,6-0,191,Wyoming,SS,Marcus Epps,4.4056648771032565,2,3,5,6,3,12,5,20,4,90,0.4,0.45454545454545453,0.2,0.2,0.0425531914893617
38592,5-11,192,Vanderbilt,CB,Casey Hayward,-3.1579357846152374,8,5,1,3,2,15,1,23,0,74,0.6153846153846154,0.25,0.11764705882352941,0.041666666666666664,0
44925,6-0,202,Alabama,SS,Eddie Jackson,7.99175082766753,8,4,7,5,6,18,10,29,1,52,0.6666666666666666,0.5833333333333334,0.25,0.2564102564102564,0.018867924528301886
53445,6-4,260,Tulsa,OLB,Zaven Collins,5.011080077467702,6,2,8,7,9,33,6,40,3,69,0.75,0.5333333333333333,0.21428571428571427,0.13043478260869565,0.041666666666666664
47804,5-11,200,Maryland,SS,Darnell Savage,0.12091170507353632,4,1,1,4,2,11,0,20,1,59,0.8,0.2,0.15384615384615385,0,0.016666666666666666
42030,5-9,183,Pittsburgh,CB,K'Waun Williams,-0.19044314940987417,7,0,4,11,4,13,0,16,0,69,1,0.26666666666666666,0.23529411764705882,0,0
44887,6-1,230,Louisiana State,ILB,Duke Riley,3.559615474937388,4,0,7,5,5,7,1,14,1,26,1,0.5833333333333334,0.4166666666666667,0.06666666666666667,0.037037037037037035
54606,5-9,180,Houston,CB,Damarion Williams,-2.608988662096073,6,5,4,6,4,9,1,7,0,31,0.5454545454545454,0.4,0.3076923076923077,0.125,0
44828,6-0,197,Alabama,CB,Marlon Humphrey,-0.7909391495056197,6,1,3,10,2,20,1,35,0,92,0.8571428571428571,0.23076923076923078,0.09090909090909091,0.027777777777777776,0
53472,6-2,202,Texas Christian,FS,Trevon Moehrig,2.3925926893646103,0,1,4,5,2,13,2,12,1,55,0,0.4444444444444444,0.13333333333333333,0.14285714285714285,0.017857142857142856
47788,6-0,237,Louisiana State,ILB,Devin White,-1.1632235547376177,4,5,7,14,9,27,1,24,0,72,0.4444444444444444,0.3333333333333333,0.25,0.04,0
53595,6-3,195,Washington,CB,Keith Taylor,2.440139852034195,8,0,1,2,0,6,1,8,2,21,1,0.3333333333333333,0,0.1111111111111111,0.08695652173913043
44878,6-2,195,Colorado,CB,Ahkello Witherspoon,-0.9495637963412159,9,3,2,6,2,9,1,4,1,32,0.75,0.25,0.18181818181818182,0.2,0.030303030303030304
47882,5-10,200,Kentucky,FS,Mike Edwards,7.088497986338994,9,3,4,13,7,27,7,26,1,48,0.75,0.23529411764705882,0.20588235294117646,0.21212121212121213,0.02040816326530612
53503,6-3,205,Minnesota,CB,Benjamin St-Juste,-1.0325328493951988,7,5,3,12,3,13,1,15,2,67,0.5833333333333334,0.2,0.1875,0.0625,0.028985507246376812
54502,6-0,200,Baylor,FS,Jalen Pitre,0.467421880882564,5,2,5,4,1,14,0,29,3,56,0.7142857142857143,0.5555555555555556,0.06666666666666667,0,0.05084745762711865
52469,6-0,200,Louisiana State,CB,Kristian Fulton,-0.5974058412088522,8,3,7,9,4,12,1,35,1,93,0.7272727272727273,0.4375,0.25,0.027777777777777776,0.010638297872340425
42485,6-0,214,Penn State,FS,Adrian Amos,3.0339118825382037,8,0,1,5,3,14,2,19,1,43,1,0.16666666666666666,0.17647058823529413,0.09523809523809523,0.022727272727272728
54778,5-11,183,Mississippi,CB,Jaylon Jones,3.6852088476022207,5,1,3,4,1,5,0,4,3,28,0.8333333333333334,0.42857142857142855,0.16666666666666666,0,0.0967741935483871
43757,5-11,202,Connecticut,SS,Andrew Adams,2.469058243197588,6,1,5,6,2,9,1,20,1,51,0.8571428571428571,0.45454545454545453,0.18181818181818182,0.047619047619047616,0.019230769230769232
47855,6-2,245,North Carolina State,OLB,Germaine Pratt,-1.4998335462011299,4,4,4,5,2,10,0,11,0,24,0.5,0.4444444444444444,0.16666666666666666,0,0
44869,6-3,238,Vanderbilt,ILB,Zach Cunningham,-0.73044125709705,4,0,3,9,1,8,2,13,0,20,1,0.25,0.1111111111111111,0.13333333333333333,0
45008,6-1,228,Boise State,ILB,Tanner Vallejo,-0.09597781578016318,1,0,1,5,1,8,0,3,1,11,1,0.16666666666666666,0.1111111111111111,0,0.08333333333333333
54504,6-0,195,Washington,CB,Kyler Gordon,-6.473426793749935,14,5,7,21,2,24,2,17,0,50,0.7368421052631579,0.25,0.07692307692307693,0.10526315789473684,0
52431,6-3,234,Oklahoma,ILB,Kenneth Murray,-2.760270182658887,4,4,6,9,3,15,1,23,0,35,0.5,0.4,0.16666666666666666,0.041666666666666664,0
42441,5-11,194,Oregon State,CB,Steven Nelson,-1.8156401807097073,7,1,6,7,4,11,1,20,0,65,0.875,0.46153846153846156,0.26666666666666666,0.047619047619047616,0
53532,6-2,230,South Carolina,ILB,Ernest Jones,2.4126995182003497,5,3,6,10,7,10,2,13,0,43,0.625,0.375,0.4117647058823529,0.13333333333333333,0
44893,6-0,204,UCLA,CB,Fabian Moreau,1.6530058399239165,9,3,6,2,1,13,1,11,1,39,0.75,0.75,0.07142857142857142,0.08333333333333333,0.025
52452,6-3,203,Louisiana State,SS,Grant Delpit,-1.4290833535326666,3,2,3,9,1,14,2,19,0,58,0.6,0.25,0.06666666666666667,0.09523809523809523,0
47826,6-2,250,Hawaii,ILB,Jahlani Tavai,1.0157342345722573,3,0,3,7,1,10,0,22,1,26,1,0.3,0.09090909090909091,0,0.037037037037037035
43325,6-1,244,UCLA,ILB,Myles Jack,3.8528740259721,11,1,11,7,3,18,2,24,1,45,0.9166666666666666,0.6111111111111112,0.14285714285714285,0.07692307692307693,0.021739130434782608
47881,5-11,226,Murray State,OLB,Quincy Williams,-3.174859605569314,8,3,6,8,3,12,0,16,0,35,0.7272727272727273,0.42857142857142855,0.2,0,0
46269,6-2,215,Yale,ILB,Foyesade Oluokun,2.8704644176816085,8,2,9,10,8,28,5,38,1,65,0.8,0.47368421052631576,0.2222222222222222,0.11627906976744186,0.015151515151515152
53437,6-1,200,South Carolina,CB,Jaycee Horn,1.2226411485216468,4,0,3,9,2,9,1,12,0,75,1,0.25,0.18181818181818182,0.07692307692307693,0
53596,6-0,195,Illinois,CB,Nate Hobbs,-1.3471053144878748,12,5,5,10,4,7,0,15,1,37,0.7058823529411765,0.3333333333333333,0.36363636363636365,0,0.02631578947368421
47984,5-11,188,South Carolina,CB,Rashad Fenton,1.1185260684133493,7,2,5,8,3,12,0,12,2,59,0.7777777777777778,0.38461538461538464,0.2,0,0.03278688524590164
44903,6-0,209,Boston College,FS,John Johnson,5.621861228099625,3,1,4,6,3,14,3,18,3,56,0.75,0.4,0.17647058823529413,0.14285714285714285,0.05084745762711865
38607,6-2,248,Arkansas State,MLB,Demario Davis,1.3777749326453819,3,0,2,9,3,20,1,34,2,61,1,0.18181818181818182,0.13043478260869565,0.02857142857142857,0.031746031746031744
46099,5-10,191,Central Florida,CB,Mike Hughes,-1.313409730087137,7,2,2,5,5,15,1,4,0,35,0.7777777777777778,0.2857142857142857,0.25,0.2,0
46205,6-2,235,Mississippi,OLB,Marquis Haynes,-0.30746340197347377,1,0,3,3,1,13,0,10,0,53,1,0.5,0.07142857142857142,0,0
45571,6-2,196,Brigham Young,CB,Michael Davis,0.7435513619958585,8,2,2,3,0,7,0,5,1,27,0.8,0.4,0,0,0.03571428571428571
47931,6-0,225,Arkansas,ILB,Dre Greenlaw,-0.2592640632072274,7,2,5,7,7,10,3,21,0,36,0.7777777777777778,0.4166666666666667,0.4117647058823529,0.125,0
46086,6-2,215,Florida State,FS,Derwin James,3.405655659604351,9,3,3,8,5,20,4,18,2,62,0.75,0.2727272727272727,0.2,0.18181818181818182,0.03125
47913,6-2,234,Notre Dame,ILB,Drue Tranquill,0.6842475204614028,6,6,2,10,6,22,3,25,2,38,0.5,0.16666666666666666,0.21428571428571427,0.10714285714285714,0.05
46354,5-11,184,Tennessee,CB,Emmanuel Moseley,1.1224430800429266,7,1,2,2,3,6,1,4,0,47,0.875,0.5,0.3333333333333333,0.2,0
41483,5-11,190,Oregon,CB,Terrance Mitchell,1.329958923798825,14,2,5,3,0,4,0,13,0,46,0.875,0.625,0,0,0
46259,6-1,210,Texas,FS,DeShon Elliott,0.0042576111436160025,6,5,3,6,1,17,3,26,1,49,0.5454545454545454,0.3333333333333333,0.05555555555555555,0.10344827586206896,0.02
52459,6-2,207,Alabama,CB,Trevon Diggs,-1.9861501372103807,6,6,3,6,4,19,1,22,0,78,0.5,0.3333333333333333,0.17391304347826086,0.043478260869565216,0
46657,6-0,232,Sioux Falls,OLB,Dennis Gardeck,-0.31652041156638533,1,2,2,1,3,7,2,9,0,25,0.3333333333333333,0.6666666666666666,0.3,0.18181818181818182,0
43641,5-9,184,Mississippi,CB,Mike Hilton,0.46933105317506707,11,4,0,5,3,6,0,14,0,60,0.7333333333333333,0,0.3333333333333333,0,0
54586,5-11,170,Arizona State,CB,Jack Jones,-0.6805553443163997,4,4,4,6,1,6,1,10,1,41,0.5,0.4,0.14285714285714285,0.09090909090909091,0.023809523809523808
47941,6-1,210,Miami,CB,Michael Jackson,2.1530548804489595,12,4,4,4,6,24,3,23,0,84,0.75,0.5,0.2,0.11538461538461539,0
45345,6-0,225,Greenville,OLB,Nicholas Morrow,0.6547734279851768,7,3,6,7,3,24,2,36,4,49,0.7,0.46153846153846156,0.1111111111111111,0.05263157894736842,0.07547169811320754
46077,6-0,230,Georgia,ILB,Roquan Smith,-2.306113432685886,9,4,3,17,7,21,1,25,0,48,0.6923076923076923,0.15,0.25,0.038461538461538464,0
52542,6-2,210,California,FS,Jaylinn Hawkins,4.118448353803755,5,4,6,12,10,32,4,40,4,73,0.5555555555555556,0.3333333333333333,0.23809523809523808,0.09090909090909091,0.05194805194805195
47816,5-11,190,Washington,CB,Byron Murphy,-1.8755991504034606,12,5,8,12,4,23,1,27,0,99,0.7058823529411765,0.4,0.14814814814814814,0.03571428571428571,0
44902,6-0,198,Central Florida,CB,Shaquill Griffin,1.7579232029597582,14,4,2,6,4,4,1,11,1,54,0.7777777777777778,0.25,0.5,0.08333333333333333,0.01818181818181818
47817,6-0,190,Temple,CB,Rock Ya-Sin,3.5637926668080175,10,3,5,4,2,15,3,24,1,59,0.7692307692307693,0.5555555555555556,0.11764705882352941,0.1111111111111111,0.016666666666666666
37078,6-1,203,Louisiana State,CB,Patrick Peterson,4.112722384210547,7,7,5,4,4,16,2,25,2,95,0.5,0.5555555555555556,0.2,0.07407407407407407,0.020618556701030927
43533,6-4,215,Clemson,FS,Jayron Kearse,-1.17892245744655,6,2,2,2,3,5,0,18,0,41,0.75,0.5,0.375,0,0
40017,5-9,190,Louisiana State,FS,Tyrann Mathieu,2.383434505919651,2,3,4,7,9,17,1,29,0,63,0.4,0.36363636363636365,0.34615384615384615,0.03333333333333333,0
53509,6-3,223,Virginia Tech,OLB,Divine Deablo,2.926952148952149,5,2,7,9,8,22,2,22,0,56,0.7142857142857143,0.4375,0.26666666666666666,0.08333333333333333,0
45004,5-11,202,Louisiana Tech,FS,Xavier Woods,-1.2428024036192573,2,3,7,6,1,21,3,33,0,74,0.4,0.5384615384615384,0.045454545454545456,0.08333333333333333,0
40166,6-0,191,Oregon State,SS,Jordan Poyer,2.9256670084594107,2,0,3,2,4,12,1,23,0,41,1,0.6,0.25,0.041666666666666664,0
46127,6-0,210,Colorado,CB,Isaiah Oliver,-0.7605913662121856,4,4,1,2,3,7,1,4,0,20,0.5,0.3333333333333333,0.3,0.2,0
44968,6-0,226,UCLA,OLB,Jayon Brown,-2.6915528186498032,3,3,7,7,1,9,0,11,0,17,0.5,0.5,0.1,0,0
47891,5-11,193,Notre Dame,SS,Julian Love,5.63430959266171,7,4,9,4,4,16,4,22,4,58,0.6363636363636364,0.6923076923076923,0.2,0.15384615384615385,0.06451612903225806
44823,6-0,192,Ohio State,CB,Marshon Lattimore,0.3195787161953682,4,2,2,7,1,15,0,12,1,30,0.6666666666666666,0.2222222222222222,0.0625,0,0.03225806451612903
43478,5-11,196,Purdue,CB,Anthony Brown,1.6509798523300487,12,5,9,9,1,11,0,24,3,72,0.7058823529411765,0.5,0.08333333333333333,0,0.04
52506,6-3,245,Ohio State,OLB,Malik Harrison,0.2937216112838613,1,2,3,8,1,8,2,6,1,31,0.3333333333333333,0.2727272727272727,0.1111111111111111,0.25,0.03125
46123,6-1,200,Wake Forest,FS,Jessie Bates,3.4696280680148197,3,0,3,9,3,14,2,29,1,62,1,0.25,0.17647058823529413,0.06451612903225806,0.015873015873015872
38843,5-10,195,Virginia,FS,Rodney McLeod,1.5903073072173046,7,1,5,7,0,20,2,25,1,51,0.875,0.4166666666666667,0,0.07407407407407407,0.019230769230769232
46080,6-1,207,Alabama,FS,Minkah Fitzpatrick,6.020943099382313,3,2,2,8,5,22,5,22,4,50,0.6,0.2,0.18518518518518517,0.18518518518518517,0.07407407407407407
44873,6-2,220,North Carolina State,FS,Josh Jones,0.7091163572740189,4,1,1,11,2,11,1,9,2,56,0.8,0.08333333333333333,0.15384615384615385,0.1,0.034482758620689655
53592,6-0,200,Cincinnati,SS,Darrick Forrest,4.4685554844418816,9,0,3,6,4,14,2,22,2,34,1,0.3333333333333333,0.2222222222222222,0.08333333333333333,0.05555555555555555
46117,6-2,251,Southern California,OLB,Uchenna Nwosu,-2.456880323384735,1,0,1,8,2,19,1,28,0,75,1,0.1111111111111111,0.09523809523809523,0.034482758620689655,0
47846,6-0,205,Virginia,FS,Juan Thornhill,3.9752028464139757,7,1,4,5,5,27,0,41,3,72,0.875,0.4444444444444444,0.15625,0,0.04
37724,5-10,199,Kansas,CB,Chris Harris,-0.3061983455582421,6,0,3,3,0,7,1,12,0,21,1,0.5,0,0.07692307692307693,0
43351,6-1,212,Samford,CB,James Bradberry,-2.3733133237295654,11,3,4,12,0,18,2,13,1,86,0.7857142857142857,0.25,0,0.13333333333333333,0.011494252873563218
54677,6-0,190,Georgia,CB,Derion Kendrick,-4.3637871898042775,10,5,6,4,2,11,1,16,0,45,0.6666666666666666,0.6,0.15384615384615385,0.058823529411764705,0
54479,6-4,220,Notre Dame,FS,Kyle Hamilton,-0.06501581924391042,6,0,2,5,3,12,1,14,0,47,1,0.2857142857142857,0.2,0.06666666666666667,0
54487,6-4,240,Georgia,ILB,Quay Walker,0.19525260617049645,2,1,2,4,4,10,1,23,1,31,0.6666666666666666,0.3333333333333333,0.2857142857142857,0.041666666666666664,0.03125
47862,5-11,196,Michigan,CB,David Long,-0.11277925772917996,8,1,0,3,3,5,0,6,1,24,0.8888888888888888,0,0.375,0,0.04
47844,6-0,208,Washington,FS,Taylor Rapp,4.890011185207059,3,3,3,7,11,17,1,27,2,54,0.5,0.3,0.39285714285714285,0.03571428571428571,0.03571428571428571
52515,6-2,215,Appalachian State,OLB,Akeem Davis-Gaither,0.7082054610932375,7,2,2,4,2,3,3,9,0,13,0.7777777777777778,0.3333333333333333,0.4,0.25,0
38577,6-0,242,Utah State,ILB,Bobby Wagner,4.391723304445727,2,0,3,5,8,15,7,42,0,65,1,0.375,0.34782608695652173,0.14285714285714285,0
41599,6-1,232,South Carolina State,ILB,Joe Thomas,0.7471707768136798,1,1,0,1,0,1,1,3,0,6,0.5,0,0,0.25,0
54466,6-5,275,Georgia,OLB,Travon Walker,-0.689034514294242,2,1,0,5,2,10,0,37,1,94,0.6666666666666666,0,0.16666666666666666,0,0.010526315789473684
52945,5-11,185,Arizona,CB,Jace Whittaker,-6.764939198465184,2,3,3,7,1,11,0,3,0,12,0.4,0.3,0.08333333333333333,0,0
46137,6-1,204,Stanford,SS,Justin Reid,0.7970149638466011,6,4,3,11,4,17,2,32,1,81,0.6,0.21428571428571427,0.19047619047619047,0.058823529411764705,0.012195121951219513
44911,6-2,209,West Virginia,CB,Rasul Douglas,-0.38738039348518793,10,2,6,4,3,13,1,15,0,46,0.8333333333333334,0.6,0.1875,0.0625,0
47971,5-11,224,West Virginia,ILB,David Long,5.623108679598253,7,3,7,21,7,25,5,46,3,72,0.7,0.25,0.21875,0.09803921568627451,0.04
54500,6-0,188,Auburn,CB,Roger McCreary,1.4765425447691984,14,4,11,10,4,22,6,29,1,97,0.7777777777777778,0.5238095238095238,0.15384615384615385,0.17142857142857143,0.01020408163265306
46456,5-9,187,Alabama-Birmingham,CB,Darious Williams,-6.235268260803466,4,10,5,5,2,18,3,26,1,66,0.2857142857142857,0.5,0.1,0.10344827586206896,0.014925373134328358
38540,6-1,202,South Carolina,CB,Stephon Gilmore,0.7485407948349216,13,4,8,7,1,11,0,24,1,81,0.7647058823529411,0.5333333333333333,0.08333333333333333,0,0.012195121951219513
47872,6-1,234,Stanford,ILB,Bobby Okereke,3.682027111550128,8,3,2,13,8,22,5,20,1,38,0.7272727272727273,0.13333333333333333,0.26666666666666666,0.2,0.02564102564102564
54550,5-8,185,Houston,CB,Marcus Jones,0.6939277092238608,1,1,0,2,1,1,2,1,0,8,0.5,0,0.5,0.6666666666666666,0
54503,6-3,256,Penn State,OLB,Arnold Ebiketie,-2.4704458397893823,1,0,2,6,1,13,1,35,1,70,1,0.25,0.07142857142857142,0.027777777777777776,0.014084507042253521
47810,6-0,205,Mississippi State,SS,Johnathan Abram,2.8082553378861626,7,1,7,7,5,17,2,29,1,46,0.875,0.5,0.22727272727272727,0.06451612903225806,0.02127659574468085
46757,6-1,195,Middle Tennessee,CB,Charvarius Ward,2.1875576992614407,9,3,5,4,2,10,2,17,2,64,0.75,0.5555555555555556,0.16666666666666666,0.10526315789473684,0.030303030303030304
53465,6-1,196,Oregon,FS,Jevon Holland,9.047527340054376,5,1,7,7,8,19,6,48,3,88,0.8333333333333334,0.5,0.2962962962962963,0.1111111111111111,0.03296703296703297
49410,5-11,190,Washington State,FS,Jalen Thompson,3.251395899905311,5,0,5,12,6,30,8,40,2,83,1,0.29411764705882354,0.16666666666666666,0.16666666666666666,0.023529411764705882
46187,5-11,178,Alabama,CB,Anthony Averett,-2.733810590075236,4,2,1,4,0,4,1,7,0,35,0.6666666666666666,0.2,0,0.125,0
43497,6-2,230,Eastern Illinois,ILB,Kamu Grugier-Hill,1.5198237715492149,5,5,7,6,5,9,3,13,0,28,0.5,0.5384615384615384,0.35714285714285715,0.1875,0
54468,6-1,195,Louisiana State,CB,Derek Stingley,3.8985342499176174,7,3,4,3,6,9,2,19,2,67,0.7,0.5714285714285714,0.4,0.09523809523809523,0.028985507246376812
54492,6-3,235,Utah,ILB,Devin Lloyd,0.01587327152642093,10,2,9,24,8,31,4,36,2,44,0.8333333333333334,0.2727272727272727,0.20512820512820512,0.1,0.043478260869565216
54567,6-2,230,Georgia,ILB,Channing Tindall,1.0633257162721237,0,0,0,0,1,0,1,1,0,0,,,1,0.5,
53059,6-3,239,Iowa,ILB,Kristian Welch,0.3156830307141838,0,0,0,0,1,0,0,0,0,0,,,1,,
46122,5-11,205,North Carolina,SS,M.J. Stewart,0.24720398776318142,0,0,1,0,0,0,0,0,0,0,,1,,,
54705,6-0,201,Oklahoma State,CB,Christian Holmes,0.028416978417168504,1,0,0,0,0,0,0,0,0,0,1,,,,
54531,6-1,230,Oklahoma,ILB,Brian Asamoah,0.8298353455595023,0,0,0,0,0,1,0,1,1,0,,,0,0,1
54750,6-2,275,Florida State,OLB,Keir Thomas,-0.40739050159013607,0,0,0,0,0,0,0,1,0,1,,,,0,0
52904,6-0,205,Army,CB,Elijah Riley,0.04657408868321711,1,0,0,0,0,2,0,0,0,1,1,,0,,0
55043,6-1,230,Illinois,OLB,Jake Hansen,0.7484857623233998,0,0,0,0,0,0,1,0,0,0,,,,1,
53521,6-1,233,Georgia,ILB,Monty Rice,-0.922097654012672,0,1,0,0,0,0,0,0,0,0,0,,,,
55181,5-11,190,Rutgers,CB,Tre Avery,0.18535346178626744,1,0,1,0,0,0,0,1,0,1,1,1,,0,0
48588,6-3,235,California,MLB,Jordan Kunaszyk,0.3873802041725112,0,0,0,0,1,0,0,1,0,0,,,1,0,
38852,5-11,195,Stanford,SS,Michael Thomas,0.3061176063632499,0,0,0,0,1,1,0,0,0,4,,,0.5,,0
43616,5-11,209,Notre Dame,FS,Matthias Farley,0.35267792806024123,0,0,0,0,1,1,0,0,0,1,,,0.5,,0
53530,6-3,213,Syracuse,CB,Ifeatu Melifonwu,0.342197431589332,0,0,0,0,1,0,0,0,0,2,,,1,,0
46501,5-11,193,Northern Iowa,CB,Elijah Campbell,-0.3072110246723585,1,0,0,1,1,1,0,3,0,1,1,0,0.5,0,0
42771,6-2,234,Marshall,ILB,Neville Hewitt,0.7585951094356012,0,0,1,0,0,0,1,0,0,2,,1,,1,0
53508,6-3,250,Buffalo,DE,Malcolm Koonce,0.24303943890292,0,0,1,0,0,0,0,1,0,7,,1,,0,0
54493,6-3,315,Georgia,DT,Devonte Wyatt,0.8222723364352515,0,0,0,0,0,0,0,0,1,8,,,,,0.1111111111111111
43534,6-0,205,Illinois,SS,Clayton Fejedelem,0.35611492056463756,1,0,2,2,0,0,0,1,0,1,1,0.5,,0,0
43341,6-1,227,Louisiana State,ILB,Deion Jones,0.7185896216359081,1,0,0,0,2,1,0,2,0,7,1,,0.6666666666666666,0,0
54578,6-0,191,Louisiana-Lafayette,FS,Percy Butler,0.027390619597217336,1,0,0,0,0,0,0,0,0,2,1,,,,0
48487,5-9,185,Buffalo,CB,Cameron Lewis,-0.01266966465853614,1,0,0,0,0,1,1,0,0,3,1,,0,1,0
55239,6-2,300,Pennsylvania,DT,Prince Emili,0.6700927764499012,0,0,0,0,0,0,1,2,0,2,,,,0.3333333333333333,0
52913,6-4,205,Norfolk State,FS,Bobby Price,-0.7541090040206108,1,0,0,1,0,0,0,2,0,9,1,0,,0,0
45045,6-2,229,Kansas State,OLB,Elijah Lee,-0.4712757425346959,0,0,0,0,0,0,0,1,0,1,,,,0,0
39908,6-2,220,"California, Pa.",FS,Erik Harris,1.5071898961885024,2,1,1,1,1,1,1,0,0,4,0.6666666666666666,0.5,0.5,1,0
54624,6-5,298,Missouri State,DT,Eric Johnson,-1.2194721583803845,0,0,0,1,0,2,0,2,0,6,,0,0,0,0
54827,6-3,250,Framingham State,DE,Joshua Onujiogu,1.352879718906461,0,0,0,1,0,0,2,1,0,2,,0,,0.6666666666666666,0
54709,6-4,200,Valdosta State,CB,Christian Matthew,0.033988234290981856,1,0,0,0,0,0,0,1,0,0,1,,,0,
46223,6-0,205,Jacksonville State,CB,Siran Neal,-0.7602980257691299,0,1,0,1,0,1,0,1,1,8,0,0,0,0,0.1111111111111111
54554,6-1,222,Baylor,OLB,Terrel Bernard,-0.5851124913831728,0,1,1,0,2,4,0,5,1,11,0,1,0.3333333333333333,0,0.08333333333333333
54696,6-2,235,Clemson,OLB,Baylon Spector,-0.1441998556027695,0,1,1,0,1,1,1,0,0,0,0,1,0.5,1,
52651,6-0,186,Marshall,CB,Chris Jackson,0.04471752740690671,1,0,0,1,0,0,0,2,0,4,1,0,,0,0
48482,6-0,237,Texas A&amp;M,MLB,Tyrel Dodson,1.9111885931927302,0,0,0,0,0,2,3,5,0,11,,,0,0.375,0
48508,6-0,209,Wyoming,FS,Andrew Wingard,0.052281910085869354,1,0,0,0,0,1,0,0,0,1,1,,0,,0
47964,5-10,190,Miami,FS,Jaquan Johnson,3.5490729139473514,3,1,2,1,4,10,2,12,1,28,0.75,0.6666666666666666,0.2857142857142857,0.14285714285714285,0.034482758620689655
53589,6-1,195,Ohio State,CB,Shaun Wade,0.04982859172444476,1,0,0,0,0,0,0,0,0,2,1,,,,0
53561,6-2,300,Ohio State,DT,Tommy Togiai,-1.3245871540144623,0,0,0,0,0,3,0,2,0,23,,,0,0,0
45021,6-0,204,Auburn,SS,Rudy Ford,0.4355526036597177,2,0,0,1,1,2,0,3,0,6,1,0,0.3333333333333333,0,0
42376,6-0,218,Alabama,SS,Landon Collins,0.2697362605648539,0,0,0,1,1,0,0,3,0,6,,0,1,0,0
46159,6-1,305,South Florida,DT,Deadrin Senat,-0.7122090259633417,0,0,0,0,0,1,0,2,0,11,,,0,0,0
53669,6-4,248,Baylor,DE,William Bradley-King,0.5108289032232867,0,0,0,0,0,1,1,1,0,3,,,0,0.5,0
46649,5-11,205,South Alabama,FS,Jeremy Reaves,0.07145736603594455,1,0,0,0,0,2,0,1,0,4,1,,0,0,0
55240,6-1,185,Buffalo,CB,Ja'Marcus Ingram,-0.5478700010392451,1,0,0,1,1,1,0,1,0,8,1,0,0.5,0,0
46329,5-9,190,Southern U.,CB,Danny Johnson,0.3115750650393033,0,0,2,3,0,3,0,3,0,5,,0.4,0,0,0
53883,5-10,195,Nebraska,CB,Dicaprio Bootle,0.5108400010416383,0,0,0,1,0,1,1,1,0,0,,0,0,0.5,
48447,5-10,202,Texas,FS,P.J. Locke,0.7600926574656398,2,0,0,0,2,1,0,3,0,2,1,,0.6666666666666666,0,0
46407,5-10,190,South Carolina,CB,Chris Lammons,0.1707557140015945,2,0,1,0,0,0,0,0,0,3,1,1,,,0
53531,6-0,182,Michigan,CB,Ambry Thomas,0.17675191869073137,3,0,0,1,0,0,0,1,0,5,1,0,,0,0
44859,6-3,240,Houston,OLB,Tyus Bowser,-0.5944785463594878,0,0,0,1,0,1,0,0,0,6,,0,0,,0
43404,6-4,232,Minnesota,ILB,De'Vondre Campbell,0.1321545166338769,7,3,3,10,3,16,2,19,1,27,0.7,0.23076923076923078,0.15789473684210525,0.09523809523809523,0.03571428571428571
53854,6-1,190,Notre Dame,CB,Nick McCloud,1.228500419691995,1,0,0,0,3,2,0,3,0,9,1,,0.6,0,0
46105,6-2,230,South Carolina State,MLB,Shaquille Leonard,0.16094958326314035,2,0,0,1,3,4,1,6,0,8,1,0,0.42857142857142855,0.14285714285714285,0
43986,6-0,190,South Carolina State,CB,Antonio Hamilton,0.7855821538129065,3,2,4,1,1,1,1,2,0,26,0.6,0.8,0.5,0.3333333333333333,0
42360,6-7,292,Oregon,DT,Arik Armstead,-0.5355185900098046,0,0,0,0,0,2,0,1,0,14,,,0,0,0
43413,6-0,200,Miami,SS,Deon Bush,0.8877102159098805,0,0,0,1,0,5,0,3,1,6,,0,0,0,0.14285714285714285
42559,6-2,305,Rice,NT,Christian Covington,-0.7095776250062105,0,0,0,0,0,2,0,2,0,13,,,0,0,0
43508,6-1,194,Arizona,FS,Will Parks,-0.6308644451249187,0,0,0,3,1,0,0,0,0,3,,0,1,,0
52448,6-4,305,Texas Christian,DT,Ross Blacklock,-1.828672793973986,0,0,0,0,0,3,0,8,0,19,,,0,0,0
53535,6-3,305,Southern California,DT,Jay Tufele,0.7512234705724469,0,0,0,0,0,0,0,2,1,12,,,,0,0.07692307692307693
54612,6-5,325,Arizona State,DT,D.J. Davidson,0.5315424295972397,0,0,0,1,0,0,1,0,0,9,,0,,1,0
45352,6-0,240,Villanova,ILB,Austin Calitro,1.8037171022181453,1,0,0,1,1,1,1,3,1,7,1,0,0.5,0.25,0.125
53500,6-0,193,Central Florida,CB,Aaron Robinson,0.36070055728972605,1,0,0,1,1,3,0,5,0,10,1,0,0.25,0,0
54525,6-0,205,Nebraska,CB,Cam Taylor-Britt,-0.13932415776931983,3,1,0,2,3,2,0,2,0,14,0.75,0,0.6,0,0
53661,6-5,280,Kentucky,DT,Phil Hoskins,-0.5860131658056662,0,0,0,0,0,1,0,0,0,3,,,0,,0
52623,6-1,240,Purdue,ILB,Markus Bailey,-0.17749912844768767,0,1,0,0,0,0,0,4,1,3,0,,,0,0.25
55175,6-3,230,Colorado,ILB,Nate Landman,-0.3146279257344182,0,0,0,2,1,3,0,1,0,1,,0,0.25,0,0
53887,6-3,277,Georgia,DE,Malik Herring,0.5768316521401669,0,0,0,0,0,1,1,5,0,18,,,0,0.16666666666666666,0
43780,6-3,294,Florida Atlantic,DT,Brandin Bryant,0.49095592679938815,0,0,0,1,1,0,0,3,0,5,,0,1,0,0
46215,6-3,203,Oklahoma State,CB,Tre Flowers,-0.759350891872558,5,0,2,3,1,4,0,4,0,17,1,0.4,0.2,0,0
42391,5-11,240,Miami,ILB,Denzel Perryman,0.9601649079626106,2,2,2,2,3,14,0,15,1,21,0.5,0.5,0.17647058823529413,0,0.045454545454545456
42512,6-2,245,Texas State,MLB,David Mayo,0.2196257433682719,0,1,1,0,0,2,0,0,0,1,0,1,0,,0
42331,6-6,265,No College,DE,Efe Obada,-0.42932108968626115,0,1,1,1,0,6,0,8,0,33,0,0.5,0,0,0
43313,6-0,196,Houston,CB,William Jackson,-0.23796357383841726,6,1,2,4,0,5,0,7,0,23,0.8571428571428571,0.3333333333333333,0,0,0
54643,6-6,320,Arkansas,DT,John Ridgeway,0.23252761990837212,0,0,1,0,0,0,0,5,0,20,,1,,0,0
52607,6-2,205,Ohio State,SS,Jordan Fuller,-0.050791063566337,2,0,0,3,4,6,0,4,0,12,1,0,0.4,0,0
42390,6-1,205,Utah,SS,Eric Rowe,-1.037480943015943,9,1,5,6,1,11,1,7,0,18,0.9,0.45454545454545453,0.08333333333333333,0.125,0
53953,5-11,198,Arkansas,CB,Jerry Jacobs,0.270193604574131,0,0,0,0,1,3,0,1,0,3,,,0.25,0,0
48454,5-11,195,Mississippi,FS,C.J. Moore,0.19717962606017891,0,0,1,0,0,0,0,2,0,3,,1,,0,0
53457,6-6,270,Houston,DE,Payton Turner,-0.9680971690865479,0,0,2,0,0,3,0,2,0,14,,1,0,0,0
46312,5-10,185,Western Carolina,CB,Keion Crossen,-1.8753673919959146,3,3,0,2,0,6,1,7,0,24,0.5,0,0,0.125,0
46841,6-5,290,UCLA,DT,Matt Dickerson,2.251464739223664,0,0,0,0,1,2,3,6,0,9,,,0.3333333333333333,0.3333333333333333,0
48268,6-2,228,Florida Atlantic,ILB,Azeez Al-Shaair,0.47680093922714617,1,0,0,0,1,1,0,1,0,3,1,,0.5,0,0
54687,6-0,190,Arkansas,CB,Montaric Brown,0.186148982905183,1,0,1,0,0,0,0,4,0,5,1,1,,0,0
53451,6-2,207,Virginia Tech,CB,Caleb Farley,-2.0888022847139545,5,1,2,3,0,5,0,7,0,21,0.8333333333333334,0.4,0,0,0
52743,6-1,329,Mississippi,DT,Benito Jones,-0.8263462954163885,0,0,0,2,0,2,0,4,0,27,,0,0,0,0
43426,6-6,296,Northwestern,DE,Dean Lowry,0.0986990007999915,0,0,0,1,0,0,1,4,0,31,,0,,0.2,0
55190,6-1,285,Maryland,DE,Sam Okuayinonu,0.49505294222593976,0,0,0,1,1,2,0,1,0,11,,0,0.3333333333333333,0,0
46630,5-10,185,Utah State,CB,Jalen Davis,0.12656794868602284,0,0,0,0,0,2,0,0,1,9,,,0,,0.1
54560,6-4,290,Florida,DT,Zach Carter,-0.40006950700345945,0,0,0,0,0,1,0,4,0,33,,,0,0,0
53712,6-2,282,Rutgers,DT,Michael Dwumfour,0.89114166935026,0,0,0,0,0,2,0,7,1,19,,,0,0,0.05
52650,6-4,250,Miami,OLB,Jonathan Garvin,-0.45719696461005926,0,0,0,0,0,2,0,6,0,9,,,0,0,0
53674,6-0,180,Oklahoma,FS,Tre Norwood,0.13379326915656253,2,3,4,4,2,7,2,13,0,33,0.4,0.5,0.2222222222222222,0.13333333333333333,0
46114,6-0,196,Iowa,CB,Josh Jackson,0.46215937181373723,2,1,1,0,1,2,0,4,1,16,0.6666666666666666,1,0.3333333333333333,0,0.058823529411764705
47822,6-0,195,Central Michigan,CB,Sean Murphy-Bunting,-1.295349792765062,1,1,1,2,0,1,1,1,0,7,0.5,0.3333333333333333,0,0.5,0
46796,6-4,272,Buffalo,DE,Demone Harris,-0.8063454871742501,0,0,0,1,0,0,0,3,0,10,,0,,0,0
40096,6-1,240,Iowa State,OLB,A.J. Klein,0.5172343615264516,1,0,0,0,1,2,0,1,0,0,1,,0.3333333333333333,0,
46686,5-9,190,Penn State,CB,Grant Haley,1.1600520310615414,1,1,4,0,1,10,0,5,0,20,0.5,1,0.09090909090909091,0,0
43306,6-1,216,Florida,FS,Keanu Neal,0.2565668197819446,5,0,1,8,2,12,0,12,0,44,1,0.1111111111111111,0.14285714285714285,0,0
52792,6-4,255,Missouri S&amp;T,DT,Tershawn Wharton,1.4328991776659359,0,0,0,2,2,5,2,11,0,38,,0,0.2857142857142857,0.15384615384615385,0
52538,6-4,295,Baylor,NT,James Lynch,-0.3114772651054697,0,0,0,0,1,4,0,6,0,28,,,0.2,0,0
53483,6-6,280,Vanderbilt,DE,Dayo Odeyingbo,-1.168469600595119,0,0,1,0,0,6,0,5,0,25,,1,0,0,0
46698,6-0,179,Alabama,CB,Levi Wallace,-0.23018210419315643,7,5,0,4,1,10,1,10,1,31,0.5833333333333334,0,0.09090909090909091,0.09090909090909091,0.03125
46902,6-1,229,Western Michigan,ILB,Robert Spillane,-1.3832526365766997,4,6,3,7,3,7,0,13,1,25,0.4,0.3,0.3,0,0.038461538461538464
42436,6-6,301,Stanford,DE,Henry Anderson,-0.5414228698047513,0,0,0,0,0,3,0,2,0,23,,,0,0,0
44974,6-1,230,Northwestern,MLB,Anthony Walker,-1.904532845837265,2,1,2,4,3,5,0,8,0,12,0.6666666666666666,0.3333333333333333,0.375,0,0
55173,6-5,321,Kansas State,DT,Timmy Horne,-1.0003581365060996,0,0,1,1,0,3,0,11,0,42,,0.5,0,0,0
42901,6-1,208,James Madison,SS,Dean Marlowe,0.8027344599571892,2,0,0,1,2,3,0,6,0,16,1,0,0.4,0,0
46680,5-10,205,Temple,SS,Sean Chandler,-0.21189526788296242,1,1,1,0,0,4,0,4,1,10,0.5,1,0,0,0.09090909090909091
54688,6-5,272,Oklahoma,DE,Isaiah Thomas,0.7167955011009612,0,0,0,0,0,0,1,3,0,13,,,,0.25,0
46162,6-3,214,Alabama,SS,Ronnie Harrison,-0.6186747586263109,0,1,0,1,1,3,0,4,0,14,0,0,0.25,0,0
46823,6-0,196,Southeast Missouri,CB,Mike Ford,1.256801322010907,0,1,1,2,0,4,2,4,1,10,0,0.3333333333333333,0,0.3333333333333333,0.09090909090909091
42444,6-2,265,Arkansas,OLB,Trey Flowers,-0.5121733216045669,0,0,0,0,0,5,0,4,0,13,,,0,0,0
46148,6-4,279,Southern California,DE,Rasheem Green,-0.6190803430986275,0,1,0,0,0,6,0,5,0,34,0,,0,0,0
54936,5-9,187,Texas A&amp;M-Commerce,CB,Kader Kohou,1.250797783909963,12,3,7,6,4,13,2,9,0,49,0.8,0.5384615384615384,0.23529411764705882,0.18181818181818182,0
54549,6-4,290,Texas A&amp;M,DE,DeMarvin Leal,0.4873916426798248,0,0,0,0,1,0,0,6,0,13,,,1,0,0
44905,6-4,304,Auburn,NT,Montravius Adams,0.2839924152881119,0,0,0,1,1,0,0,6,0,21,,0,1,0,0
40048,6-1,307,Illinois,DT,Akeem Spence,0.018570181874716374,0,0,0,0,0,2,1,3,0,18,,,0,0.25,0
46387,6-3,295,Tennessee,DT,Kendal Vickers,1.8760827112798402,0,0,1,1,0,4,0,11,2,40,,0.5,0,0,0.047619047619047616
48117,6-2,209,Arizona,OLB,Demetrius Flannigan-Fowles,-1.477398397193149,2,2,0,2,0,1,0,1,0,8,0.5,0,0,0,0
37778,6-1,235,Auburn,ILB,Josh Bynes,0.8810530344148102,1,0,3,4,2,17,0,12,1,24,1,0.42857142857142855,0.10526315789473684,0,0.04
38545,6-3,250,West Virginia,OLB,Bruce Irvin,-0.44429398794791963,0,0,0,2,1,5,0,3,0,21,,0,0.16666666666666666,0,0
53490,6-4,273,Wake Forest,DE,Carlos Basham,-0.4577722458743141,0,0,0,1,0,5,0,13,0,28,,0,0,0,0
47832,6-3,252,Texas Christian,DE,Ben Banogu,-0.9291120714864255,0,1,0,2,0,1,0,3,0,9,0,0,0,0,0
40107,6-0,197,Iowa,FS,Micah Hyde,-0.8213002656131135,1,0,2,4,1,2,0,6,0,22,1,0.3333333333333333,0.3333333333333333,0,0
46521,6-2,233,Iowa,ILB,Ben Niemann,0.2424145730945526,2,1,2,5,6,13,0,12,0,20,0.6666666666666666,0.2857142857142857,0.3157894736842105,0,0
54573,6-3,290,Oklahoma,DT,Perrion Winfrey,-0.5454875045436677,0,0,0,0,0,3,0,3,0,19,,,0,0,0
52848,6-2,285,Rice,DE,Myles Adams,0.346791610556535,0,0,0,0,0,1,0,6,1,19,,,0,0,0.05
53473,6-1,195,Kentucky,CB,Kelvin Joseph,0.7404436247038378,0,0,0,0,0,1,1,0,0,4,,,0,1,0
54781,6-2,232,Wisconsin,ILB,Jack Sanborn,0.582703895154308,0,0,3,1,0,3,0,7,0,6,,0.75,0,0,0
42443,6-4,318,Auburn,DT,Angelo Blackson,0.5405772502746905,0,0,0,1,0,4,1,12,1,52,,0,0,0.07692307692307693,0.018867924528301886
52863,6-1,235,UCLA,ILB,Krys Barnes,0.8726600513158915,0,1,1,1,0,0,1,1,0,1,0,0.5,,0.5,0
45033,6-3,258,Northwestern,DE,Ifeadi Odenigbo,0.534584369934301,0,0,0,2,0,1,1,8,0,30,,0,0,0.1111111111111111,0
40074,6-6,281,Michigan State,DE,William Gholston,1.360329409967206,0,0,0,2,2,3,1,6,0,46,,0,0.4,0.14285714285714285,0
53656,6-4,205,South Carolina,SS,Israel Mukuamu,2.537836480833218,1,0,3,1,0,2,2,6,1,12,1,0.75,0,0.25,0.07692307692307693
44818,6-1,213,Louisiana State,SS,Jamal Adams,0.5918813360192904,0,0,0,0,0,0,1,2,0,2,,,,0.3333333333333333,0
41341,6-4,322,Penn State,DT,DaQuan Jones,-0.746524490150333,0,0,0,0,0,7,0,13,0,75,,,0,0,0
53459,6-7,253,Miami,DE,Gregory Rousseau,-0.47617906688331335,0,0,1,1,0,5,0,12,0,66,,0.5,0,0,0
46253,6-0,208,Florida,OLB,Marcell Harris,0.05012236169708628,1,0,0,0,0,1,0,2,0,3,1,,0,0,0
54650,6-1,205,Villanova,CB,Christian Benford,0.47029981607042204,4,2,3,3,1,6,0,11,0,27,0.6666666666666666,0.5,0.14285714285714285,0,0
46711,6-3,200,Southern Illinois,SS,Ryan Neal,1.1556127033108412,9,4,2,7,2,14,1,23,0,52,0.6923076923076923,0.2222222222222222,0.125,0.041666666666666664,0
44813,6-4,272,Texas A&amp;M,DE,Myles Garrett,-2.452637455192167,0,0,0,1,0,9,0,8,0,68,,0,0,0,0
46098,6-4,291,Florida,DT,Taven Bryan,-0.024799170575988627,0,0,0,1,1,6,0,9,0,52,,0,0.14285714285714285,0,0
39941,5-10,207,Southern Methodist,FS,Chris Banjo,0.2932811916877748,0,0,0,0,1,0,0,0,0,2,,,1,,0
45038,6-4,280,Notre Dame,DE,Isaac Rochell,-0.24492727320065077,0,0,1,3,2,2,0,5,0,16,,0.25,0.5,0,0
52539,6-2,308,Louisiana State,NT,Rashard Lawrence,-1.5155612829681357,0,1,1,1,0,2,0,6,0,14,0,0.5,0,0,0
53519,6-5,260,Pittsburgh,OLB,Patrick Jones,-1.5551863209280097,0,0,1,1,0,3,0,6,0,25,,0.5,0,0,0
54584,6-1,192,Alabama,CB,Jalyn Armour-Davis,-2.9012273862004,3,3,1,1,1,2,0,2,0,11,0.5,0.5,0.3333333333333333,0,0
55104,6-2,195,Missouri Western,CB,Sam Webb,0.18698480135832984,1,0,1,2,0,2,0,3,0,9,1,0.3333333333333333,0,0,0
52535,5-11,208,Clemson,SS,K'Von Wallace,0.1390400677200725,2,0,0,0,0,1,0,3,0,5,1,,0,0,0
41464,6-2,290,Illinois State,DE,Shelby Harris,-0.05697862121287256,0,0,0,1,1,10,2,22,0,62,,0,0.09090909090909091,0.08333333333333333,0
54607,5-11,175,South Carolina State,CB,Cobie Durant,0.9386813615426166,0,1,0,0,0,2,0,0,1,3,0,,0,,0.25
44855,6-0,181,Washington,CB,Sidney Jones,0.04741828311112661,1,0,0,0,0,4,0,2,0,6,1,,0,0,0
42827,5-11,190,Tennessee,CB,Justin Coleman,-0.5942565330436653,2,0,1,3,0,1,0,0,0,17,1,0.25,0,,0
43354,6-7,275,Penn State,OLB,Carl Nassib,-0.5866002676614797,0,0,1,3,0,4,0,9,0,21,,0.25,0,0,0
52498,6-3,259,Florida,DE,Jonathan Greenard,-0.45400770592338596,0,0,0,2,0,5,0,7,0,32,,0,0,0,0
43787,6-5,294,Texas-El Paso,DT,Roy Robertson-Harris,-1.4331399829866096,0,0,0,1,0,7,0,17,0,69,,0,0,0,0
43356,6-2,308,Nebraska,DT,Maliek Collins,-0.9246525136419106,0,1,0,0,0,5,0,12,0,37,0,,0,0,0
54646,6-1,235,Kansas,OLB,Kyron Johnson,-0.43567509710546803,0,0,0,0,0,1,0,1,0,1,,,0,0,0
42465,6-4,272,Kentucky,OLB,Za'Darius Smith,-1.6359505871417948,0,0,0,3,0,8,0,15,0,104,,0,0,0,0
37841,6-3,260,Troy,DE,Mario Addison,-0.7006736012329007,0,0,0,1,0,4,0,7,0,27,,0,0,0,0
52637,6-3,265,North Carolina State,DE,James Smith-Williams,0.2327002308651276,0,0,0,3,0,11,0,11,1,47,,0,0,0,0.020833333333333332
53629,5-11,178,Kentucky,CB,Brandin Echols,-0.8125249550413718,2,1,1,1,0,2,0,1,0,8,0.6666666666666666,0.5,0,0,0
53479,6-2,250,Georgia,OLB,Azeez Ojulari,-0.6513402648812828,0,0,0,0,0,3,0,2,0,11,,,0,0,0
53624,6-2,318,Arizona,DT,Roy Lopez,-0.2676564399037872,0,0,2,0,0,5,0,10,0,40,,1,0,0,0
40030,6-3,327,Georgia,NT,John Jenkins,-0.6510605989977862,0,0,0,1,0,2,0,6,0,24,,0,0,0,0
43321,6-4,275,Oklahoma State,DE,Emmanuel Ogbah,-2.0054852059211274,0,0,0,3,0,8,0,20,0,69,,0,0,0,0
54496,6-0,192,Michigan,FS,Dax Hill,0.02127679819493611,1,1,0,2,0,1,0,2,0,2,0.5,0,0,0,0
52471,6-2,235,Mississippi State,OLB,Willie Gay,-1.9054149138956573,6,3,1,3,2,6,0,10,0,18,0.6666666666666666,0.25,0.25,0,0
48476,6-0,193,Texas-El Paso,CB,Nik Needham,4.132723497090773,4,2,2,4,3,12,2,13,2,49,0.6666666666666666,0.3333333333333333,0.2,0.13333333333333333,0.0392156862745098
53900,6-4,340,Michigan State,DT,Naquan Jones,0.6939910425676137,0,0,0,0,0,2,1,9,0,17,,,0,0.1,0
41595,6-4,332,Colorado State-Pueblo,NT,Mike Pennel,-3.331356024852669,0,0,0,6,0,1,0,9,0,24,,0,0,0,0
46164,6-2,200,Southern Mississippi,SS,Tarvarius Moore,0.12617495220474184,0,0,1,0,0,1,0,1,0,2,,1,0,0,0
54639,6-4,256,"Miami, O.",DE,Dominique Robinson,0.22420303751322473,0,0,0,1,0,9,1,12,0,29,,0,0,0.07692307692307693,0
54948,6-3,379,Kentucky,NT,Marquan McCall,-0.5979500295858549,0,0,0,0,0,3,0,4,0,24,,,0,0,0
52422,6-6,310,South Carolina,DT,Javon Kinlaw,-0.38483993006473,0,0,0,1,0,1,0,4,0,11,,0,0,0,0
43292,6-5,280,Ohio State,OLB,Joey Bosa,-0.9486316068758154,0,1,0,2,0,8,0,6,0,18,0,0,0,0,0
53663,6-2,251,Tulane,ILB,Patrick Johnson,-0.8752829843171535,0,0,0,2,0,3,0,4,0,17,,0,0,0,0
47900,6-6,261,Clemson,OLB,Austin Bryant,-1.5213564403833453,0,0,0,2,0,7,0,7,0,21,,0,0,0,0
42365,6-4,269,Kentucky,OLB,Bud Dupree,-0.5917422005600305,0,0,0,4,0,6,0,21,0,48,,0,0,0,0
53502,6-4,278,Louisiana Tech,DT,Milton Williams,-0.5392567996117896,0,0,0,0,0,6,0,7,0,46,,,0,0,0
48008,6-6,253,North Carolina A&amp;T,OLB,Darryl Johnson,-0.6130756670186261,0,0,0,0,0,2,0,4,0,8,,,0,0,0
54541,6-4,336,Connecticut,DT,Travis Jones,-0.3722779850419807,0,0,0,0,0,0,0,5,0,28,,,,0,0
48198,6-3,366,Michigan,NT,Bryan Mone,-0.7499310437138748,0,0,0,0,0,2,0,5,0,32,,,0,0,0
53504,6-2,280,UCLA,DT,Osa Odighizuwa,-0.6821605476680005,0,0,0,1,0,5,0,19,0,63,,0,0,0,0
43316,6-3,314,UCLA,NT,Kenny Clark,-2.690079254283767,0,0,0,5,0,7,0,17,0,59,,0,0,0,0
46141,6-4,315,Fort Hays State,DT,Nathan Shepherd,-0.5681392973190462,0,0,0,1,0,3,0,6,0,36,,0,0,0,0
54582,6-5,270,Texas A&amp;M,DE,Micheal Clemons,-0.47370231246999783,0,0,0,1,0,3,0,4,0,32,,0,0,0,0
41786,6-2,270,Texas Tech,DE,Kerry Hyder,-0.5520594416327582,0,0,0,1,0,2,0,9,0,35,,0,0,0,0
46674,6-2,214,Washington,ILB,Ezekiel Turner,-0.8686596536895924,0,0,0,1,0,2,0,1,0,2,,0,0,0,0
54526,6-4,250,Southern California,DE,Drake Jackson,-1.4268051942225237,0,0,0,1,0,6,0,8,0,38,,0,0,0,0
43296,6-7,300,Oregon,DT,DeForest Buckner,-2.04541867211565,0,0,0,3,0,6,0,28,0,74,,0,0,0,0
44867,6-3,318,Alabama,DT,Dalvin Tomlinson,-0.4677062393379315,0,0,0,0,0,3,0,18,0,68,,,0,0,0
52563,6-4,268,Tulsa,OLB,Trevis Gipson,-2.2496038429936647,0,0,0,2,0,15,0,13,0,42,,0,0,0,0
44174,6-1,236,Texas Tech,ILB,Sam Eguavoen,-1.5727483931139035,0,0,0,1,0,1,0,1,0,3,,0,0,0,0
52525,6-5,260,South Carolina,OLB,D.J. Wonnum,-2.662081554341641,0,1,0,2,0,5,0,11,0,44,0,0,0,0,0
46165,6-3,307,Stanford,DT,Harrison Phillips,-0.7157728888035388,0,0,0,0,0,4,0,9,0,82,,,0,0,0
37308,6-4,315,Arizona State,DT,Lawrence Guy,-0.5814929469740706,0,0,0,0,0,7,0,8,0,37,,,0,0,0
54671,6-3,291,Wisconsin,DE,Matt Henningsen,-0.7259943030088808,0,0,0,0,0,3,0,3,0,24,,,0,0,0
40171,6-4,309,Samford,DT,Nicholas Williams,-0.5448986207819804,0,0,0,0,0,3,0,10,0,45,,,0,0,0
45009,6-4,250,Miami,DE,Al-Quadin Muhammad,-1.90248356534946,0,0,0,0,0,10,0,24,0,55,,,0,0,0
45203,6-5,250,Louisiana State,DE,Tashawn Bower,-0.7441271687499161,0,0,0,0,0,1,0,1,0,5,,,0,0,0
41227,6-5,255,South Carolina,DE,Jadeveon Clowney,-1.1600386876709368,0,0,0,0,0,6,0,13,0,24,,,0,0,0
46771,6-3,295,Bucknell,DE,Abdullah Anderson,-0.7115828986747748,0,0,0,0,0,3,0,6,0,33,,,0,0,0
47973,6-5,295,Arkansas,NT,Armon Watts,-1.4546077815545164,0,0,0,2,0,6,0,15,0,32,,0,0,0,0
54547,6-4,240,Western Kentucky,OLB,DeAngelo Malone,-0.8464897708071798,0,0,0,3,0,4,0,9,0,16,,0,0,0,0
43352,6-4,287,Georgia Tech,DE,Adam Gotsis,-1.293171832251236,0,0,0,1,0,4,0,3,0,25,,0,0,0,0
44880,6-3,264,Illinois,DE,Dawuane Smoot,-1.7988117040642781,0,0,0,1,0,3,0,17,0,46,,0,0,0,0
53467,6-5,310,Alabama,DT,Christian Barmore,-0.4212326496810031,0,0,0,0,0,0,0,7,0,49,,,,0,0
46133,6-3,277,Ohio State,DE,Tyquan Lewis,-1.513241311808255,0,0,0,2,0,4,0,18,0,51,,0,0,0,0
43455,6-3,347,Clemson,NT,D.J. Reader,-1.1133993692767024,0,0,0,1,0,3,0,4,0,12,,0,0,0,0
46138,6-3,311,North Carolina State,DT,B.J. Hill,-0.681016526904728,0,0,0,1,0,4,0,20,0,83,,0,0,0,0
52462,6-5,280,Iowa,DE,A.J. Epenesa,-1.9452685564468437,0,1,0,1,0,7,0,12,0,34,0,0,0,0,0
43332,6-4,314,Penn State,NT,Austin Johnson,-2.288114906877837,0,1,0,3,0,9,0,12,0,49,0,0,0,0,0
48544,6-3,300,Tennessee,DT,Shy Tuttle,-0.6429124576912402,0,0,0,1,0,3,0,15,0,42,,0,0,0,0
43791,6-3,275,Colorado State-Pueblo,DE,Morgan Fox,-0.8104588863835867,0,0,0,1,0,5,0,12,0,50,,0,0,0,0
52578,6-3,305,Texas Tech,DT,Broderick Washington,-0.5679999790784029,0,0,0,0,0,5,0,14,0,59,,,0,0,0
46229,6-1,253,Oklahoma,DE,Ogbonnia Okoronkwo,-1.3585635373108946,0,0,0,1,0,1,0,11,0,27,,0,0,0,0
54565,6-5,240,Cincinnati,OLB,Myjai Sanders,-0.9366866262595949,0,1,0,0,0,4,0,9,0,11,0,,0,0,0
55045,6-1,296,Notre Dame,DT,Kurt Hinish,-0.6731265880135868,0,0,0,0,0,5,0,10,0,32,,,0,0,0
48123,6-1,285,Penn State,DT,Kevin Givens,-1.223405485398223,0,0,0,0,0,2,0,9,0,46,,,0,0,0
44938,6-3,245,Eastern Washington,DE,Samson Ebukam,-1.6000927923267265,0,0,0,2,0,6,0,23,0,58,,0,0,0,0
47944,6-5,280,Texas,DE,Charles Omenihu,-2.0248011851477243,0,0,0,2,0,4,0,19,0,57,,0,0,0,0
53053,6-3,255,Memphis,DE,Bryce Huff,-1.2090207575688903,0,0,0,1,0,5,0,9,0,25,,0,0,0,0
43411,6-1,328,Baylor,DT,Andrew Billings,-0.5237052396566511,0,0,0,0,0,5,0,9,0,52,,,0,0,0
39997,6-3,340,Ohio State,NT,Johnathan Hankins,-0.3709130657708515,0,0,0,1,0,2,0,13,0,21,,0,0,0,0
47975,6-3,295,Alabama,DT,Isaiah Buggs,-0.700277850348002,0,0,0,1,0,5,0,12,0,69,,0,0,0,0
47787,6-4,265,Clemson,DE,Clelin Ferrell,-1.2253561335667333,0,1,0,0,0,10,0,7,0,43,0,,0,0,0
43441,6-3,310,Temple,DT,Matt Ioannidis,-2.767948858153278,0,0,0,3,0,7,0,17,0,78,,0,0,0,0
53649,6-1,224,Boston College,ILB,Isaiah McDuffie,0.3467256860720913,0,0,0,1,1,1,0,2,0,7,,0,0.5,0,0
53534,6-3,240,Ohio State,ILB,Baron Browning,-1.336737880758681,1,1,0,1,0,8,0,18,0,45,0.5,0,0,0,0
41363,6-7,300,Virginia,DE,Brent Urban,-0.14647983085424077,0,0,0,1,0,5,0,6,1,26,,0,0,0,0.037037037037037035
45011,6-0,321,Mississippi,DT,D.J. Jones,0.9384531171713855,0,1,0,1,0,8,0,18,2,64,0,0,0,0,0.030303030303030304
54949,6-3,230,Fresno State,OLB,Arron Mosby,0.19216568127877653,0,0,1,0,0,0,0,0,0,0,,1,,,
52464,6-7,310,Alabama,NT,Raekwon Davis,0.7616081821950786,0,0,0,2,0,8,0,17,1,64,,0,0,0,0.015384615384615385
47786,6-3,303,Alabama,NT,Quinnen Williams,-0.4966158562140414,0,0,0,1,0,12,1,17,0,80,,0,0,0.05555555555555555,0
47823,6-2,200,Clemson,CB,Trayvon Mullen,-0.721776597094591,0,2,0,2,1,0,1,2,0,3,0,0,1,0.3333333333333333,0
47915,5-9,201,Oregon,FS,Ugochukwu Amadi,-0.16724416893407612,0,0,0,2,0,3,1,2,0,9,,0,0,0.3333333333333333,0
54644,6-4,270,South Carolina,OLB,Kingsley Enagbare,0.35145244399540176,0,0,0,0,1,2,0,9,0,21,,,0.3333333333333333,0,0
52481,6-4,310,Ohio State,DT,Davon Hamilton,-1.8889431083497719,0,0,0,3,0,9,1,12,0,59,,0,0,0.07692307692307693,0
46255,6-2,242,Temple,DE,Jake Martin,0.20380740111618056,0,0,1,1,0,0,0,9,0,24,,0.5,,0,0
52415,6-5,318,Auburn,DE,Derrick Brown,0.4851053065848009,0,0,0,0,0,7,2,25,1,82,,,0,0.07407407407407407,0.012048192771084338
48473,6-4,280,Georgia,DE,Jonathan Ledbetter,0.6196852967215555,0,0,0,1,0,1,1,4,0,24,,0,0,0.2,0
47811,6-6,295,Notre Dame,DT,Jerry Tillery,-1.0021709978674287,0,0,0,1,1,6,0,2,0,42,,0,0.14285714285714285,0,0
47795,6-5,277,Michigan,OLB,Rashan Gary,-0.7305251510331061,0,1,0,2,0,12,1,18,0,42,0,0,0,0.05263157894736842,0
54521,6-4,265,Mississippi,DE,Sam Williams,0.7023199845831776,0,0,0,0,0,2,1,8,0,15,,,0,0.1111111111111111,0
43409,6-4,300,"Manitoba, Can.",DT,David Onyemata,-0.06189148400755662,0,0,0,1,0,8,1,12,0,61,,0,0,0.07692307692307693,0
53639,6-3,265,Duke,OLB,Victor Dimukeje,0.22199135033559259,1,0,1,4,0,0,0,8,0,27,1,0.2,,0,0
41240,5-11,194,Virginia Tech,CB,Kyle Fuller,-1.6019529940170814,2,1,0,1,0,5,0,5,0,18,0.6666666666666666,0,0,0,0
43694,6-0,340,Samford,NT,Michael Pierce,0.10566507212532894,0,0,1,0,0,2,0,3,0,23,,1,0,0,0
37084,6-5,288,Wisconsin,DE,J.J. Watt,1.137703993514703,0,1,0,2,1,11,0,26,1,99,0,0,0.08333333333333333,0,0.01
54833,6-0,205,Illinois,FS,Tony Adams,0.05040277748833988,1,0,0,0,0,0,0,0,0,0,1,,,,
52510,6-4,242,North Carolina-Charlotte,OLB,Alex Highsmith,0.3040213102666549,0,1,0,2,0,9,0,23,1,88,0,0,0,0,0.011235955056179775
52662,6-5,246,North Dakota State,OLB,Derrek Tuszka,0.12768099769592967,1,0,1,0,0,4,0,2,0,13,1,1,0,0,0
35562,6-4,330,Louisiana State,NT,Al Woods,1.0087231429597,0,0,0,1,1,4,1,6,0,36,,0,0.2,0.14285714285714285,0
54529,6-3,238,Oklahoma,OLB,Nik Bonitto,0.1874808554983105,0,0,0,2,0,6,1,7,1,26,,0,0,0.125,0.037037037037037035
35470,6-2,254,Texas Christian,DE,Jerry Hughes,-1.847987796676355,1,0,0,3,0,11,0,11,0,54,1,0,0,0,0
37145,6-3,270,Georgia,OLB,Justin Houston,-0.17473833608167533,0,0,0,0,1,4,0,11,0,56,,,0.2,0,0
53564,6-5,270,Pittsburgh,OLB,Rashad Weaver,-1.7420378395187344,0,0,0,2,1,18,0,26,0,71,,0,0.05263157894736842,0,0
43435,6-3,261,Grand Valley State,OLB,Matt Judon,-0.5259682922059185,0,0,0,2,1,8,1,19,0,73,,0,0.1111111111111111,0.05,0
47829,6-2,184,Louisiana State,CB,Greedy Williams,-0.5678969958887878,0,1,0,0,1,1,0,2,0,15,0,,0.5,0,0
42031,6-5,285,Mississippi State,DE,Denico Autry,-1.0516730058328796,0,0,1,0,0,19,0,27,0,97,,1,0,0,0
54637,5-10,187,Toledo,CB,Samuel Womack,-0.46608703313986455,0,0,2,2,0,1,0,2,0,11,,0.5,0,0,0
35493,6-6,285,Florida,OLB,Carlos Dunlap,-0.5804702679529438,0,0,1,4,0,3,0,25,0,36,,0.2,0,0,0
41231,6-3,269,Buffalo,OLB,Khalil Mack,-0.88763598364052,0,2,1,3,0,10,1,23,0,71,0,0.25,0,0.041666666666666664,0
46214,6-3,313,Delaware,DT,Bilal Nichols,-0.020017685354220438,0,0,0,2,1,4,1,18,0,74,,0,0.2,0.05263157894736842,0
35454,6-5,275,South Florida,DE,Jason Pierre-Paul,0.2343340511584272,0,0,0,1,0,10,2,5,1,54,,0,0,0.2857142857142857,0.01818181818181818
54540,6-2,232,Alabama,ILB,Christian Harris,-2.2034313066402063,1,1,2,5,1,6,0,10,0,10,0.5,0.2857142857142857,0.14285714285714285,0,0
54467,6-6,265,Michigan,DE,Aidan Hutchinson,-2.04001136988776,0,0,0,2,0,7,1,23,0,87,,0,0,0.041666666666666664,0
52764,5-10,190,Wake Forest,CB,Essang Bassey,-1.4437283834405856,0,1,0,2,1,3,0,4,0,6,0,0,0.25,0,0
42349,6-5,302,Southern California,DT,Leonard Williams,-0.5591647680398916,0,0,1,0,0,4,0,9,0,63,,1,0,0,0
53542,6-1,245,Purdue,ILB,Derrick Barnes,-1.4549042081146373,1,1,2,5,0,2,0,1,0,12,0.5,0.2857142857142857,0,0,0
44863,6-4,280,Florida State,DE,DeMarcus Walker,-0.38651507900188686,0,0,0,0,1,7,0,9,0,29,,,0.125,0,0
41336,6-2,350,Louisiana Tech,DT,Justin Ellis,-0.5336364014578762,0,0,0,0,0,3,0,5,1,30,,,0,0,0.03225806451612903
44991,6-3,311,Louisiana State,NT,Davon Godchaux,-0.4803653832482205,0,0,0,1,0,3,1,12,0,59,,0,0,0.07692307692307693,0
53599,6-2,230,Texas Christian,OLB,Garret Wallow,0.7928751635214666,0,0,1,0,0,6,1,3,0,8,,1,0,0.25,0
54486,5-11,195,Washington,CB,Trent McDuffie,0.07760271172854416,1,0,0,1,0,2,0,1,0,7,1,0,0,0,0
53577,6-4,285,Texas,DE,Ta'Quon Graham,0.5584350620942368,0,0,0,0,1,4,0,15,1,111,,,0.2,0,0.008928571428571428
47848,6-4,281,Boston College,DE,Zach Allen,0.4965340702737854,0,0,1,3,2,9,0,23,0,122,,0.25,0.18181818181818182,0,0
48032,6-3,284,Temple,DE,Michael Dogbe,0.08655737447088185,0,0,0,2,1,4,0,8,1,22,,0,0.2,0,0.043478260869565216
46157,6-3,233,Vanderbilt,OLB,Oren Burks,-0.019949695737106365,1,1,1,2,0,6,1,10,0,9,0.5,0.3333333333333333,0,0.09090909090909091,0
43420,6-2,237,Stanford,ILB,Blake Martinez,-0.6755566720299225,3,0,2,2,1,3,0,8,0,12,1,0.5,0.25,0,0
47809,6-6,262,Mississippi State,DE,Montez Sweat,-2.363099264040755,0,0,1,2,1,12,0,13,0,66,,0.3333333333333333,0.07692307692307693,0,0
53073,6-3,290,Florida International,DT,Teair Tart,-0.06452525993387082,0,0,0,1,1,3,0,17,0,57,,0,0.25,0,0
43358,6-2,246,Maryland,DE,Yannick Ngakoue,-2.0158329936707275,0,0,1,5,1,10,0,23,0,69,,0.16666666666666666,0.09090909090909091,0,0
52472,6-3,212,Southern Illinois,FS,Jeremy Chinn,1.2142480866605068,3,1,0,4,1,15,0,12,1,16,0.75,0,0.0625,0,0.058823529411764705
48089,6-2,235,Nevada,OLB,Malik Reed,-1.6598865112808345,0,0,2,4,1,6,0,21,0,59,,0.3333333333333333,0.14285714285714285,0,0
42346,6-3,255,Florida,OLB,Dante Fowler,-1.0029593203521587,1,0,0,0,1,8,0,10,0,36,1,,0.1111111111111111,0,0
53611,6-4,268,Notre Dame,OLB,Adetokunbo Ogundeji,-0.2902441309488988,2,0,1,4,1,8,0,22,0,52,1,0.2,0.1111111111111111,0,0
52492,6-5,252,Alabama,OLB,Terrell Lewis,-3.372419563329046,0,2,1,4,0,10,1,17,1,41,0,0.2,0,0.05555555555555555,0.023809523809523808
53642,5-11,197,Wisconsin,CB,Rachad Wildgoose,-3.58487657448956,1,2,0,7,2,8,0,3,0,24,0.3333333333333333,0,0.2,0,0
54478,6-6,340,Georgia,DT,Jordan Davis,-0.29238692886437523,0,0,0,0,1,4,0,4,0,33,,,0.2,0,0
46199,6-5,253,Florida State,DE,Josh Sweat,-0.48780059236110684,0,0,0,3,1,5,1,17,0,65,,0,0.16666666666666666,0.05555555555555555,0
45643,6-0,237,Missouri State,ILB,Dylan Cole,-0.6085825649054644,2,1,6,10,2,9,0,11,0,26,0.6666666666666666,0.375,0.18181818181818182,0,0
52493,6-1,204,Utah,FS,Julian Blackmon,-1.4769853959293506,3,2,0,4,0,8,0,15,2,28,0.6,0,0,0,0.06666666666666667
42403,6-5,255,Nebraska,DE,Randy Gregory,1.6359044937504756,0,0,0,0,0,4,0,10,2,26,,,0,0,0.07142857142857142
54611,6-2,232,Indiana,ILB,Micah McFadden,-0.456159510218376,1,0,2,5,2,1,0,4,0,12,1,0.2857142857142857,0.6666666666666666,0,0
48259,6-2,238,Middle Tennessee,ILB,Darius Harris,-1.6578891476021487,5,0,1,4,3,12,1,10,0,30,1,0.2,0.2,0.09090909090909091,0
46074,6-4,275,North Carolina State,OLB,Bradley Chubb,-2.3360206301125457,0,2,0,5,0,11,0,24,1,79,0,0,0,0,0.0125
43298,6-5,240,Georgia,DE,Leonard Floyd,-0.5345751972543863,3,0,1,4,1,16,1,20,0,72,1,0.2,0.058823529411764705,0.047619047619047616,0
52445,6-2,216,Lenoir-Rhyne,FS,Kyle Dugger,-0.9902118159168063,4,1,4,5,2,8,0,17,0,29,0.8,0.4444444444444444,0.2,0,0
54511,6-3,278,Kentucky,DT,Josh Paschal,0.8852107248298026,0,0,0,0,0,3,0,4,1,30,,,0,0,0.03225806451612903
43378,6-2,305,South Carolina State,DT,Javon Hargrave,-1.054405023714477,0,0,1,2,1,4,0,13,1,70,,0.3333333333333333,0.2,0,0.014084507042253521
46135,6-5,250,Georgia,OLB,Lorenzo Carter,-1.8602747003931424,0,2,3,9,3,12,0,32,0,111,0,0.25,0.2,0,0
44871,6-7,289,Villanova,DE,Tanoh Kpassagnon,0.2713081169222258,0,0,0,0,1,0,0,1,0,25,,,1,0,0
53501,6-2,315,North Carolina State,NT,Alim McNeill,0.06408270061103105,0,0,0,1,0,4,1,17,0,75,,0,0,0.05555555555555555,0
43326,6-6,308,Mississippi State,DT,Chris Jones,-2.155427310498063,0,1,0,2,0,8,0,20,1,111,0,0,0,0,0.008928571428571428
40031,5-11,195,Rutgers,FS,Logan Ryan,-1.2534389273765467,1,1,1,2,0,6,0,21,0,21,0.5,0.3333333333333333,0,0,0
41263,6-3,265,Boise State,DE,Demarcus Lawrence,0.47752683407870034,0,0,1,7,2,9,0,24,1,50,,0.125,0.18181818181818182,0,0.0196078431372549
54568,6-2,261,Wisconsin,OLB,Leo Chenal,-1.405249477715294,0,0,0,4,2,7,0,2,0,14,,0,0.2222222222222222,0,0
44957,6-4,315,"Albany State, Ga.",DT,Grover Stewart,-1.5408493793645541,0,0,1,1,2,12,1,19,0,58,,0.5,0.14285714285714285,0.05,0
42480,6-0,305,Clemson,DT,Grady Jarrett,0.43534756643464834,0,0,0,1,1,10,2,22,0,130,,0,0.09090909090909091,0.08333333333333333,0
42560,6-2,307,Southern Mississippi,NT,Rakeem Nunez-Roches,1.1704258289429983,0,0,0,0,1,8,1,17,0,50,,,0.1111111111111111,0.05555555555555555,0
47917,6-1,312,Washington,NT,Greg Gaines,-0.11350318233427359,0,0,0,0,0,7,1,21,0,90,,,0,0.045454545454545456,0
37087,6-4,257,North Carolina,OLB,Robert Quinn,-2.7151537360736926,0,0,1,5,0,13,0,22,0,50,,0.16666666666666666,0,0,0
41403,6-3,256,Southern California,OLB,Devon Kennard,-0.7890297506470161,1,1,1,1,0,3,1,5,0,15,0.5,0.5,0,0.16666666666666666,0
48581,6-0,205,Tulane,SS,Roderic Teamer,1.2785775202636118,3,0,0,2,0,1,2,4,0,7,1,0,0,0.3333333333333333,0
43388,6-1,245,Wisconsin,ILB,Joe Schobert,-1.973459357853606,0,2,1,0,1,3,0,4,0,8,0,1,0.25,0,0
55032,6-3,260,North Carolina,OLB,Tomon Fox,0.06419486182803646,0,1,0,1,0,5,1,5,0,20,0,0,0,0.16666666666666666,0
53447,6-5,266,Miami,OLB,Jaelan Phillips,-2.6272859981385652,1,1,0,8,1,18,1,31,0,85,0.5,0,0.05263157894736842,0.03125,0
46232,6-3,308,Virginia Tech,DT,Tim Settle,0.2654972029463064,0,0,0,0,1,5,1,11,0,46,,,0.16666666666666666,0.08333333333333333,0
54583,6-2,193,Missouri,CB,Akayleb Evans,0.08523207928627186,3,0,0,1,0,3,0,2,0,11,1,0,0,0,0
52456,6-3,253,Tennessee,OLB,Darrell Taylor,-1.456668521186492,0,1,0,2,2,12,1,20,0,43,0,0,0.14285714285714285,0.047619047619047616,0
53957,5-11,178,Kansas State,CB,A.J. Parker,-0.7215219927688733,3,1,4,3,1,5,0,7,0,14,0.75,0.5714285714285714,0.16666666666666666,0,0
37104,6-5,295,Ohio State,DT,Cameron Heyward,0.09144568038555201,0,0,0,0,0,9,1,14,0,79,,,0,0.06666666666666667,0
44829,6-3,300,Alabama,DT,Jonathan Allen,-1.0100643971118672,0,0,1,2,1,6,0,15,0,87,,0.3333333333333333,0.14285714285714285,0,0
43299,6-1,203,Ohio State,CB,Eli Apple,-5.853125470776195,7,11,3,7,0,10,0,18,0,53,0.3888888888888889,0.3,0,0,0
44915,6-4,270,Florida Atlantic,DE,Trey Hendrickson,-2.128305803038848,0,1,1,0,1,9,0,21,0,64,0,1,0.1,0,0
52641,6-4,247,Stanford,DE,Casey Toohill,0.7099583069957418,0,0,1,1,0,3,0,6,2,33,,0.5,0,0,0.05714285714285714
47785,6-4,266,Ohio State,DE,Nick Bosa,-1.8006677850896105,0,1,0,0,1,10,0,14,0,59,0,,0.09090909090909091,0,0
46185,6-4,255,Kansas,DE,Dorance Armstrong,-1.4908092709986827,0,1,1,1,1,9,0,13,1,52,0,0.5,0.1,0,0.018867924528301886
44834,6-3,250,Missouri,OLB,Charles Harris,-1.9963070406318797,0,1,0,2,2,9,0,12,0,45,0,0,0.18181818181818182,0,0
52512,6-0,198,Utah,FS,Terrell Burgess,0.3562123060160396,1,0,0,0,1,2,0,9,0,11,1,,0.3333333333333333,0,0
40737,5-11,212,Oklahoma,SS,Tony Jefferson,0.01323681109499053,2,0,0,2,0,3,1,3,0,4,1,0,0,0.25,0
53461,6-5,262,Washington,OLB,Joe Tryon,-0.7178011444634175,0,2,2,5,1,15,0,20,0,75,0,0.2857142857142857,0.0625,0,0
46487,5-11,310,Texas,DE,Poona Ford,-2.298884083754861,0,1,1,2,0,5,0,16,0,52,0,0.3333333333333333,0,0,0
48027,6-3,240,Idaho,OLB,Kaden Elliss,-1.8104226677576332,1,0,0,5,1,6,0,8,0,13,1,0,0.14285714285714285,0,0
38707,6-0,200,Presbyterian,FS,Justin Bethel,-2.160906837767761,4,0,1,2,1,6,0,6,0,20,1,0.3333333333333333,0.14285714285714285,0,0
47890,6-7,272,Iowa,OLB,Anthony Nelson,-0.7550645129285208,0,1,1,1,0,2,0,11,0,34,0,0.5,0,0,0
47837,6-2,213,Kentucky,CB,Lonnie Johnson,0.26130147985401697,1,0,1,0,0,4,0,7,0,11,1,1,0,0,0
43436,6-4,291,Maryland,DE,Quinton Jefferson,0.5246783941628662,0,0,0,2,0,7,1,13,0,82,,0,0,0.07142857142857142,0
47802,6-4,300,Mississippi State,DT,Jeffery Simmons,2.124254516276783,0,0,1,0,1,18,2,34,1,104,,1,0.05263157894736842,0.05555555555555555,0.009523809523809525
52438,5-11,196,Auburn,CB,Noah Igbinoghene,-1.7824783747692918,5,3,1,3,1,4,0,8,0,40,0.625,0.25,0.2,0,0
48537,6-5,261,Wyoming,DE,Carl Granderson,0.6537542777792558,0,0,0,1,0,2,1,12,0,28,,0,0,0.07692307692307693,0
46264,6-4,310,Rutgers,NT,Sebastian Joseph,-0.8189292286235641,0,0,0,4,1,11,0,11,1,53,,0,0.08333333333333333,0,0.018518518518518517
52585,6-2,255,Michigan,DE,Michael Danna,0.19280282072537336,0,0,1,2,0,1,0,4,0,25,,0.3333333333333333,0,0,0
52980,5-11,188,Fresno State,FS,Juju Hughes,0.9958962352685888,1,2,3,4,1,5,0,9,2,22,0.3333333333333333,0.42857142857142855,0.16666666666666666,0,0.08333333333333333
42421,6-0,196,Florida State,CB,P.J. Williams,0.5057062539586425,1,0,2,3,0,6,0,8,1,25,1,0.4,0,0,0.038461538461538464
38548,6-2,247,South Carolina,OLB,Melvin Ingram,0.0163052316965262,2,0,0,2,1,11,1,27,0,57,1,0,0.08333333333333333,0.03571428571428571,0
47792,6-1,287,Houston,DT,Ed Oliver,0.39803353942813824,0,0,0,0,1,3,0,7,1,36,,,0.25,0,0.02702702702702703
42431,6-5,252,Louisiana State,OLB,Danielle Hunter,-0.5178789326831773,0,0,3,4,0,13,0,25,0,98,,0.42857142857142855,0,0,0
52496,6-4,315,Missouri,DT,Jordan Elliott,-0.9802052609892781,0,0,0,2,0,3,1,12,0,54,,0,0,0.07692307692307693,0
44964,5-10,201,Iowa,CB,Desmond King,-0.23850849766295823,5,0,2,7,2,10,1,14,2,51,1,0.2222222222222222,0.16666666666666666,0.06666666666666667,0.03773584905660377
47793,5-11,233,Michigan,ILB,Devin Bush,-2.2596002163161897,4,0,2,3,1,15,1,19,0,42,1,0.4,0.0625,0.05,0
39998,6-1,245,Florida,OLB,Jon Bostic,-0.9685215089631907,1,0,0,2,1,2,0,3,0,6,1,0,0.3333333333333333,0,0
46151,6-1,210,Louisiana-Lafayette,FS,Tracy Walker,2.9375567116307835,0,0,4,0,0,4,2,6,1,22,,1,0,0.25,0.043478260869565216
47889,6-5,255,Eastern Michigan,DE,Maxx Crosby,-1.7439865636563379,1,0,1,3,0,21,0,30,0,90,1,0.25,0,0,0
53450,6-3,265,Michigan,DE,Kwity Paye,-2.5277812419981602,0,1,1,1,0,12,0,14,0,45,0,0.5,0,0,0
53581,6-1,205,Texas,FS,Caden Sterns,1.7376471431361815,3,1,2,2,0,8,0,12,2,46,0.75,0.5,0,0,0.041666666666666664
37075,6-3,250,Texas A&amp;M,OLB,Von Miller,-1.0496806040339366,0,1,0,3,0,11,0,17,1,68,0,0,0,0,0.014492753623188406
53441,6-3,245,Penn State,OLB,Micah Parsons,-1.4324075831733325,2,1,3,7,0,19,2,21,0,71,0.6666666666666666,0.3,0,0.08695652173913043,0
53668,6-4,257,Ohio State,OLB,Jonathon Cooper,1.0336975166461868,0,1,1,2,1,3,1,6,0,13,0,0.3333333333333333,0.25,0.14285714285714285,0
54543,6-7,270,Alabama-Birmingham,DE,Alex Wright,-0.15177282135243397,0,0,0,2,0,5,1,18,1,34,,0,0,0.05263157894736842,0.02857142857142857
47956,6-1,240,North Carolina,ILB,Cole Holcomb,1.7029805094511667,5,2,5,12,5,17,4,20,1,35,0.7142857142857143,0.29411764705882354,0.22727272727272727,0.16666666666666666,0.027777777777777776
42816,5-11,184,Oregon,CB,Troy Hill,-1.7719495741702378,1,2,1,4,1,8,0,5,1,35,0.3333333333333333,0.2,0.1111111111111111,0,0.027777777777777776
52594,5-11,202,Notre Dame,SS,Alohi Gilman,-0.10321584144289031,3,1,2,1,1,9,1,6,0,12,0.75,0.6666666666666666,0.1,0.14285714285714285,0
46156,6-5,240,Louisiana State,OLB,Arden Key,-1.046665547795964,1,0,0,1,1,5,1,20,0,43,1,0,0.16666666666666666,0.047619047619047616,0
46958,6-2,230,North Dakota State,ILB,Chris Board,1.4474174054658515,1,0,1,1,1,1,0,10,1,12,1,0.5,0.5,0,0.07692307692307693
42543,5-9,197,Texas,FS,Quandre Diggs,4.721959545529058,3,0,2,7,5,13,2,33,3,107,1,0.2222222222222222,0.2777777777777778,0.05714285714285714,0.02727272727272727
42826,6-1,292,Clemson,DT,DeShawn Williams,-0.049944332209998665,0,0,0,1,1,6,0,15,0,54,,0,0.14285714285714285,0,0
47854,6-3,281,Ohio State,DE,Dre'Mont Jones,0.19986392202326064,0,0,1,0,0,8,1,24,0,89,,1,0,0.04,0
44944,6-5,275,Arkansas,DE,Deatrich Wise,-0.327414558023168,0,0,1,0,0,6,0,24,0,92,,1,0,0,0
47947,6-4,230,Tarleton State,OLB,E.J. Speed,-1.0722858309638246,3,2,0,4,0,4,0,4,0,19,0.6,0,0,0,0
52545,5-10,175,Michigan State,CB,Josiah Scott,-3.7333139111137794,1,1,2,5,1,6,0,7,1,18,0.5,0.2857142857142857,0.14285714285714285,0,0.05263157894736842
46082,6-3,320,Alabama,DT,Daron Payne,-0.5913936247829765,0,1,0,2,2,9,0,20,0,85,0,0,0.18181818181818182,0,0
52473,6-2,250,Wyoming,ILB,Logan Wilson,0.3912088002912587,2,3,7,5,3,16,1,26,1,53,0.4,0.5833333333333334,0.15789473684210525,0.037037037037037035,0.018518518518518517
54505,6-4,265,Minnesota,OLB,Boye Mafe,-3.652376542612306,3,3,1,6,1,8,0,13,0,37,0.5,0.14285714285714285,0.1111111111111111,0,0
47938,6-1,240,Alabama,OLB,Mack Wilson,-1.4694946650242584,2,2,2,7,1,6,0,10,1,18,0.5,0.2222222222222222,0.14285714285714285,0,0.05263157894736842
47863,6-1,238,Brigham Young,OLB,Sione Takitaki,2.157493764988625,1,0,4,4,5,5,0,7,0,23,1,0.5,0.5,0,0
53552,5-11,195,Texas Tech,CB,Zech McPhearson,-0.3993707696351554,0,0,0,1,1,2,0,5,0,11,,0,0.3333333333333333,0,0
52971,6-3,255,Notre Dame,OLB,Jamir Jones,0.13005327922544907,0,0,1,0,0,2,0,4,0,10,,1,0,0,0
44906,5-11,188,Tennessee,CB,Cameron Sutton,-2.0218351932148075,5,3,3,6,1,8,0,19,0,67,0.625,0.3333333333333333,0.1111111111111111,0,0
52647,5-11,185,Pittsburgh,CB,Dane Jackson,-1.0681585790622925,5,6,3,7,0,8,4,11,0,76,0.45454545454545453,0.3,0,0.26666666666666666,0
54580,5-11,195,Pittsburgh,CB,Damarri Mathis,-4.0518134112757,11,4,3,5,3,6,0,15,0,42,0.7333333333333333,0.375,0.3333333333333333,0,0
54622,6-4,200,Sam Houston State,CB,Zyon McCollum,-1.180870420211777,3,1,2,6,0,7,0,5,0,15,0.75,0.25,0,0,0
53547,6-4,235,Duke,OLB,Chris Rumph,-1.2705528877976637,1,1,1,2,1,4,0,3,0,28,0.5,0.3333333333333333,0.2,0,0
52495,6-3,259,Alabama,OLB,Anfernee Jennings,0.18130036798753146,0,0,1,1,0,8,0,6,0,26,,0.5,0,0,0
46146,6-5,265,Ohio State,DE,Sam Hubbard,-1.305126276393502,1,0,3,1,0,10,0,27,0,72,1,0.75,0,0,0
46699,6-1,193,Miami,CB,Dee Delaney,-0.024663935305038742,1,0,1,2,0,6,2,3,0,17,1,0.3333333333333333,0,0.4,0
52424,6-2,190,Clemson,CB,A.J. Terrell,-1.0046242646347117,10,8,4,7,1,13,2,16,1,76,0.5555555555555556,0.36363636363636365,0.07142857142857142,0.1111111111111111,0.012987012987012988
54579,6-1,205,Iowa,FS,Dane Belton,0.9069880165834058,3,1,2,1,2,12,0,9,2,18,0.75,0.6666666666666666,0.14285714285714285,0,0.1
42361,6-0,197,Washington,CB,Marcus Peters,-6.429569567060245,8,6,3,10,0,17,2,16,1,76,0.5714285714285714,0.23076923076923078,0,0.1111111111111111,0.012987012987012988
47871,6-2,237,Utah,MLB,Cody Barton,-1.4067606253868021,5,2,5,14,7,20,1,24,0,33,0.7142857142857143,0.2631578947368421,0.25925925925925924,0.04,0
43503,6-0,238,Houston,ILB,Elandon Roberts,2.1432444592387956,1,2,4,6,5,24,4,18,0,30,0.3333333333333333,0.4,0.1724137931034483,0.18181818181818182,0
41269,6-3,250,Brigham Young,OLB,Kyle Van Noy,-1.65647678936415,0,2,3,3,0,11,1,14,2,47,0,0.5,0,0.06666666666666667,0.04081632653061224
47878,6-4,250,Old Dominion,OLB,Oshane Ximines,-0.6932178819713839,1,2,1,3,0,4,0,7,0,33,0.3333333333333333,0.25,0,0,0
41235,6-5,255,UCLA,OLB,Anthony Barr,3.2858804477001713,7,0,0,2,7,10,0,23,1,46,1,0,0.4117647058823529,0,0.02127659574468085
52475,6-5,241,Notre Dame,OLB,Julian Okwara,-0.5288416098767909,2,0,1,0,0,6,0,8,0,26,1,1,0,0,0
47877,6-1,206,Auburn,CB,Jamel Dean,4.4670306572979745,12,1,1,7,7,11,1,17,2,104,0.9230769230769231,0.125,0.3888888888888889,0.05555555555555555,0.018867924528301886
42935,5-9,188,Rice,CB,Bryce Callahan,1.2018575476645201,5,3,3,7,2,9,1,8,1,55,0.625,0.3,0.18181818181818182,0.1111111111111111,0.017857142857142856
43797,6-3,228,Washington,OLB,Cory Littleton,-0.016209523565696493,5,3,2,3,2,6,1,9,0,24,0.625,0.4,0.25,0.1,0
52497,6-2,185,Mississippi State,CB,Cameron Dantzler,0.8645466448832925,14,4,7,7,6,17,2,18,1,72,0.7777777777777778,0.5,0.2608695652173913,0.1,0.0136986301369863
43335,6-4,330,Alabama,DT,A'Shawn Robinson,1.2861316592853478,0,0,0,0,2,6,2,14,0,56,,,0.25,0.125,0
52479,6-3,300,Texas A&amp;M,DT,Justin Madubuike,0.9094694201296967,0,0,0,0,1,7,0,15,1,81,,,0.125,0,0.012195121951219513
42381,6-5,265,Mississippi State,OLB,Preston Smith,-0.05248932107954685,0,0,0,2,0,10,1,19,0,48,,0,0,0.05,0
53565,5-11,191,Florida,CB,Marco Wilson,-7.984462516506588,9,9,8,9,2,27,1,26,0,93,0.5,0.47058823529411764,0.06896551724137931,0.037037037037037035,0
46700,5-11,185,Vanderbilt,CB,Tre Herndon,0.7547262184671754,6,1,1,0,1,4,0,7,1,29,0.8571428571428571,1,0.2,0,0.03333333333333333
44866,6-2,242,Ohio State,ILB,Raekwon McMillan,-0.8726493552788023,3,2,2,4,2,7,0,14,0,9,0.6,0.3333333333333333,0.2222222222222222,0,0
46307,6-6,290,Ferris State,DT,Zach Sieler,1.1875003862000582,0,1,3,1,1,7,1,23,1,98,0,0.75,0.125,0.041666666666666664,0.010101010101010102
43323,6-2,245,Notre Dame,MLB,Jaylon Smith,-3.2273664402599898,1,1,2,8,1,10,2,11,0,21,0.5,0.2,0.09090909090909091,0.15384615384615385,0
52272,6-0,170,Tusculum,CB,Dee Alford,0.6396614257835446,7,0,2,3,2,9,1,14,0,39,1,0.4,0.18181818181818182,0.06666666666666667,0
46504,6-3,300,Washington State,DT,Daniel Ekuale,0.4830357859015369,0,0,0,0,0,0,0,7,1,30,,,,0,0.03225806451612903
40347,6-3,328,Wyoming,NT,Mike Purcell,0.5057831058662953,0,0,1,0,0,4,0,12,1,37,,1,0,0,0.02631578947368421
44926,6-1,220,Miami,SS,Rayshawn Jenkins,-2.7246077697115387,9,4,5,9,3,29,2,38,1,71,0.6923076923076923,0.35714285714285715,0.09375,0.05,0.013888888888888888
53448,6-4,234,Kentucky,OLB,Jamin Davis,0.022205279743944928,8,1,4,10,4,22,0,12,0,45,0.8888888888888888,0.2857142857142857,0.15384615384615385,0,0
38551,6-5,265,Syracuse,DE,Chandler Jones,0.07246179323212265,1,0,0,2,2,11,0,25,0,88,1,0,0.15384615384615385,0,0
52505,6-4,233,Louisiana State,MLB,Jacob Phillips,-0.5993363779133903,0,2,2,4,4,14,2,12,0,26,0,0.3333333333333333,0.2222222222222222,0.14285714285714285,0
46085,6-5,250,Virginia Tech,ILB,Tremaine Edmunds,3.449965985565054,4,1,10,9,9,20,3,28,0,40,0.8,0.5263157894736842,0.3103448275862069,0.0967741935483871,0
54600,6-3,197,Fayetteville State,CB,Joshua Williams,1.4654326514859384,3,1,2,3,1,1,1,6,1,26,0.75,0.4,0.5,0.14285714285714285,0.037037037037037035
35522,6-3,335,Kentucky,DT,Corey Peters,0.887594817542101,0,0,0,0,0,2,0,3,1,25,,,0,0,0.038461538461538464
47796,6-4,315,Clemson,DT,Christian Wilkins,0.9022172143587142,0,0,1,2,1,13,1,22,1,104,,0.3333333333333333,0.07142857142857142,0.043478260869565216,0.009523809523809525
47934,6-4,242,Wisconsin,OLB,Andrew Van Ginkel,-0.3600868217799771,2,1,0,3,1,6,1,6,0,20,0.6666666666666666,0,0.14285714285714285,0.14285714285714285,0
47899,5-11,210,Iowa,FS,Amani Hooker,-0.3724153922155983,5,4,6,6,2,12,0,15,0,50,0.5555555555555556,0.5,0.14285714285714285,0,0
41239,6-1,280,Pittsburgh,DT,Aaron Donald,0.6724191092840885,0,1,0,1,1,8,2,19,0,103,0,0,0.1111111111111111,0.09523809523809523,0
43294,6-1,208,Florida State,CB,Jalen Ramsey,-0.18590337103071963,4,3,9,8,4,16,0,14,1,88,0.5714285714285714,0.5294117647058824,0.2,0,0.011235955056179775
44825,6-1,235,Temple,OLB,Haason Reddick,-5.542651869972048,3,5,1,4,0,10,0,19,0,58,0.375,0.2,0,0,0
42427,6-1,236,Texas,ILB,Jordan Hicks,1.4599056565605752,4,3,3,12,11,28,3,27,1,55,0.5714285714285714,0.2,0.28205128205128205,0.1,0.017857142857142856
41915,6-2,250,Colorado State,OLB,Shaquil Barrett,-1.3595957180275398,0,2,3,7,0,15,0,22,1,65,0,0.3,0,0,0.015151515151515152
53533,6-0,206,Southern Methodist,FS,Brandon Stephens,0.28344205077204654,5,3,4,3,1,10,0,8,1,35,0.625,0.5714285714285714,0.09090909090909091,0,0.027777777777777776
46729,6-2,197,Virginia Tech,CB,Brandon Facyson,0.6448409691732325,4,2,2,4,1,8,1,16,2,33,0.6666666666666666,0.3333333333333333,0.1111111111111111,0.058823529411764705,0.05714285714285714
42406,6-3,260,Michigan,DE,Frank Clark,-1.5380706578073355,1,0,0,3,1,8,0,22,0,85,1,0,0.1111111111111111,0,0
54527,6-1,210,Cincinnati,SS,Bryan Cook,2.8588072848188677,1,0,4,1,1,2,3,12,1,32,1,0.8,0.3333333333333333,0.2,0.030303030303030304
41256,5-11,193,Northern Illinois,FS,Jimmie Ward,-1.314194997894658,3,4,1,5,0,3,0,5,1,21,0.42857142857142855,0.16666666666666666,0,0,0.045454545454545456
54561,6-1,215,Maryland,SS,Nick Cross,-0.9492760553431272,1,0,1,2,0,5,1,8,0,19,1,0.3333333333333333,0,0.1111111111111111,0
44888,6-3,240,Florida,ILB,Alex Anzalone,-1.9096885303519469,6,6,4,9,0,18,3,31,0,65,0.5,0.3076923076923077,0,0.08823529411764706,0
54653,5-11,225,Oklahoma State,ILB,Malcolm Rodriguez,-0.6586053474745197,4,6,4,11,3,13,1,13,1,37,0.4,0.26666666666666666,0.1875,0.07142857142857142,0.02631578947368421
47790,6-5,262,Kentucky,OLB,Josh Allen,-4.714473906076545,0,2,1,8,0,16,1,29,0,91,0,0.1111111111111111,0,0.03333333333333333,0
44848,5-10,195,Washington,SS,Budda Baker,4.186199308063737,4,5,5,11,5,24,4,44,3,86,0.4444444444444444,0.3125,0.1724137931034483,0.08333333333333333,0.033707865168539325
54546,6-2,170,Louisiana State,CB,Cordale Flott,-0.2441142617323111,2,1,0,3,0,2,1,3,0,9,0.6666666666666666,0,0,0.25,0
46527,6-3,235,Washington State,ILB,Frankie Luvu,-3.3840528729269086,3,3,2,10,4,13,2,26,1,47,0.5,0.16666666666666666,0.23529411764705882,0.07142857142857142,0.020833333333333332
40039,6-1,205,Rutgers,SS,Duron Harmon,1.4743891205810342,4,2,7,3,2,17,1,33,2,74,0.6666666666666666,0.7,0.10526315789473684,0.029411764705882353,0.02631578947368421
47888,5-11,208,Florida,SS,Chauncey Gardner-Johnson,-2.3066347378721086,12,3,4,7,3,17,2,25,2,71,0.8,0.36363636363636365,0.15,0.07407407407407407,0.0273972602739726
53537,6-0,190,San Diego State,CB,Darren Hall,-1.9196250279765859,7,1,4,7,0,14,0,13,0,55,0.875,0.36363636363636365,0,0,0
46278,6-0,185,Southern Mississippi,CB,Cornell Armstrong,-1.182234785144555,7,6,3,4,3,4,1,8,0,25,0.5384615384615384,0.42857142857142855,0.42857142857142855,0.1111111111111111,0
43373,5-11,198,Virginia Tech,CB,Kendall Fuller,-0.38243767862265343,9,6,3,3,3,13,0,21,0,79,0.6,0.5,0.1875,0,0
52547,5-9,183,Louisiana Tech,CB,Amik Robertson,-2.2775461146392226,5,7,3,8,1,11,1,12,1,47,0.4166666666666667,0.2727272727272727,0.08333333333333333,0.07692307692307693,0.020833333333333332
46088,6-4,256,Boise State,OLB,Leighton Vander Esch,3.3944852689256653,4,1,6,11,7,17,3,30,1,41,0.8,0.35294117647058826,0.2916666666666667,0.09090909090909091,0.023809523809523808
54513,6-1,202,Penn State,SS,Jaquan Brisker,1.9381282117190346,4,3,4,9,7,13,1,33,1,67,0.5714285714285714,0.3076923076923077,0.35,0.029411764705882353,0.014705882352941176
47799,6-5,250,Florida State,OLB,Brian Burns,-1.3078700192684674,0,0,1,6,1,10,1,26,0,97,,0.14285714285714285,0.09090909090909091,0.037037037037037035,0
52446,6-5,264,Penn State,OLB,Yetur Gross-Matos,-2.0638803738876987,0,0,0,2,0,14,2,20,0,77,,0,0,0.09090909090909091,0
46097,6-1,217,Virginia Tech,SS,Terrell Edmunds,1.9265496055642974,3,3,4,6,1,16,4,16,2,66,0.5,0.4,0.058823529411764705,0.2,0.029411764705882353
52852,5-11,211,Mississippi,FS,Myles Hartsfield,-2.9019635723439534,11,5,8,8,6,18,1,24,1,65,0.6875,0.5,0.25,0.04,0.015151515151515152
45395,5-10,190,Memphis,CB,Arthur Maulet,-2.0093705791502123,4,2,4,4,2,16,3,19,0,39,0.6666666666666666,0.5,0.1111111111111111,0.13636363636363635,0
53481,6-1,215,Notre Dame,OLB,Jeremiah Owusu-Koramoah,-0.14430282242421733,1,1,1,5,5,10,0,17,1,25,0.5,0.16666666666666666,0.3333333333333333,0,0.038461538461538464
53505,6-0,193,Stanford,CB,Paulson Adebo,-4.595593758676891,12,7,3,3,0,12,0,6,1,31,0.631578947368421,0.5,0,0,0.03125
44937,6-0,233,Tennessee,OLB,Jalen Reeves-Maybin,0.10895036623182064,0,0,0,0,0,2,1,3,0,0,,,0,0.25,
46669,5-11,210,Missouri Western,FS,Jonathan Owens,5.414214279469259,1,2,5,4,10,12,5,30,0,49,0.3333333333333333,0.5555555555555556,0.45454545454545453,0.14285714285714285,0
47939,6-5,248,Oregon,OLB,Justin Hollins,-0.06268298876089606,1,0,2,3,0,7,1,11,0,43,1,0.4,0,0.08333333333333333,0
52697,6-2,185,Florida Atlantic,CB,James Pierre,1.5528115997879657,4,1,2,1,0,3,0,8,1,21,0.8,0.6666666666666666,0,0,0.045454545454545456
39984,6-0,190,Mississippi State,CB,Darius Slay,-0.8714835442107374,6,5,6,4,2,14,2,18,1,72,0.5454545454545454,0.6,0.125,0.1,0.0136986301369863
46142,6-2,225,Ohio State,ILB,Jerome Baker,-2.0126978464593215,4,8,5,8,6,36,3,37,0,76,0.3333333333333333,0.38461538461538464,0.14285714285714285,0.075,0
42470,6-0,243,Minnesota,MLB,Damien Wilson,0.5825314665177536,3,0,6,2,3,6,0,6,0,11,1,0.75,0.3333333333333333,0,0
41300,6-2,235,Iowa,OLB,Christian Kirksey,1.965839239160852,2,2,5,9,8,21,5,24,0,42,0.5,0.35714285714285715,0.27586206896551724,0.1724137931034483,0
53583,5-10,190,Duke,CB,Michael Carter,-5.96685514238421,9,6,3,8,5,16,2,17,0,56,0.6,0.2727272727272727,0.23809523809523808,0.10526315789473684,0
41270,5-8,185,Florida State,SS,Lamarcus Joyner,-0.6783176937469045,5,1,5,5,1,12,1,31,1,99,0.8333333333333334,0.5,0.07692307692307693,0.03125,0.01
44904,5-10,195,Michigan,CB,Jourdan Lewis,1.0872935980735356,5,3,4,6,4,14,2,17,1,40,0.625,0.4,0.2222222222222222,0.10526315789473684,0.024390243902439025
52627,5-11,210,Iowa,SS,Geno Stone,3.4229256314458754,4,1,3,8,3,8,3,15,1,30,0.8,0.2727272727272727,0.2727272727272727,0.16666666666666666,0.03225806451612903
53609,6-1,215,Southern California,SS,Talanoa Hufanga,0.691366665009856,4,3,4,7,5,18,1,23,0,60,0.5714285714285714,0.36363636363636365,0.21739130434782608,0.041666666666666664,0
41257,5-11,194,Ohio State,CB,Bradley Roby,-5.085923929040383,7,7,3,4,0,8,1,15,1,50,0.5,0.42857142857142855,0,0.0625,0.0196078431372549
54618,6-4,205,Texas-San Antonio,CB,Tariq Woolen,-1.9666899404574676,8,5,3,7,4,21,0,22,1,98,0.6153846153846154,0.3,0.16,0,0.010101010101010102
44976,6-0,223,Boston College,OLB,Matt Milano,-4.202691624724526,1,2,6,18,3,17,2,20,0,56,0.3333333333333333,0.25,0.15,0.09090909090909091,0
54632,5-11,206,Fresno State,CB,Daron Bland,-3.9321208857724854,3,3,1,7,1,3,0,2,0,10,0.5,0.125,0.25,0,0
53462,6-2,185,Georgia,CB,Tyson Campbell,-4.69619038342512,12,5,7,5,3,22,0,26,3,90,0.7058823529411765,0.5833333333333334,0.12,0,0.03225806451612903
54574,6-1,198,Cincinnati,CB,Coby Bryant,-0.3873960154536005,13,6,5,8,3,16,3,16,1,53,0.6842105263157895,0.38461538461538464,0.15789473684210525,0.15789473684210525,0.018518518518518517
52458,6-0,195,Utah,CB,Jaylon Johnson,-0.47720634629004066,4,4,2,3,2,10,1,13,0,50,0.5,0.4,0.16666666666666666,0.07142857142857142,0
46139,6-3,236,Brigham Young,ILB,Fred Warner,7.636760305606602,4,1,5,10,8,25,5,22,3,45,0.8,0.3333333333333333,0.24242424242424243,0.18518518518518517,0.0625
46304,6-0,236,Syracuse,OLB,Zaire Franklin,3.3241571529634535,11,1,10,17,11,25,4,36,2,35,0.9166666666666666,0.37037037037037035,0.3055555555555556,0.1,0.05405405405405406
52453,5-9,205,Minnesota,FS,Antoine Winfield,-0.49026279814295526,7,1,6,12,2,19,1,10,0,72,0.875,0.3333333333333333,0.09523809523809523,0.09090909090909091,0
54615,6-4,310,Stanford,DT,Thomas Booker,0.694495235751718,0,0,0,0,0,1,1,3,0,14,,,0,0.25,0
37097,6-4,287,California,DE,Cameron Jordan,-0.7964952700515183,0,0,1,2,0,9,1,24,0,68,,0.3333333333333333,0,0.04,0
33131,6-8,300,Miami,DE,Calais Campbell,0.11738547819621259,0,0,0,1,0,5,0,16,1,90,,0,0,0,0.01098901098901099
53494,6-0,203,Syracuse,SS,Andre Cisco,8.332830659174459,4,2,3,12,8,27,5,32,5,76,0.6666666666666666,0.2,0.22857142857142856,0.13513513513513514,0.06172839506172839
38559,6-2,214,Notre Dame,SS,Harrison Smith,-0.15672689707837517,11,5,4,5,4,18,6,26,0,65,0.6875,0.4444444444444444,0.18181818181818182,0.1875,0
53554,6-1,195,California,FS,Camryn Bynum,3.3154153953258545,5,2,4,8,3,25,5,34,4,77,0.7142857142857143,0.3333333333333333,0.10714285714285714,0.1282051282051282,0.04938271604938271
52665,6-3,290,Texas,DT,Malcolm Roach,0.53657871960812,0,0,0,0,0,0,1,8,0,14,,,,0.1111111111111111,0
53618,6-3,305,Southern California,DT,Marlon Tuipulotu,0.9037478431345068,0,0,0,0,0,2,0,7,1,49,,,0,0,0.02
42395,6-6,341,Oklahoma,DE,Jordan Phillips,-0.09407764797869955,0,0,0,0,0,4,2,7,0,38,,,0,0.2222222222222222,0
47800,6-4,342,Clemson,DT,Dexter Lawrence,2.5447102854543764,0,0,0,1,0,5,1,15,3,83,,0,0,0.0625,0.03488372093023256
35452,6-2,265,Michigan,DE,Brandon Graham,0.024024392342162026,0,0,1,1,1,4,1,13,0,39,,0.5,0.2,0.07142857142857142,0
35466,5-10,195,Rutgers,FS,Devin McCourty,9.34132259371582,4,1,6,5,5,11,3,24,6,75,0.8,0.5454545454545454,0.3125,0.1111111111111111,0.07407407407407407
53489,6-3,242,Ohio State,OLB,Pete Werner,3.698062426300716,10,1,2,5,8,20,1,20,0,42,0.9090909090909091,0.2857142857142857,0.2857142857142857,0.047619047619047616,0
54514,6-0,195,Tennessee,CB,Alontae Taylor,-1.0744864888955297,1,2,1,1,2,6,1,2,0,19,0.3333333333333333,0.5,0.25,0.3333333333333333,0
46175,6-1,236,Iowa,ILB,Josey Jewell,1.5373053077866876,7,3,6,2,4,9,1,11,0,17,0.7,0.75,0.3076923076923077,0.08333333333333333,0
44862,6-0,199,Texas A&amp;M,SS,Justin Evans,-2.1710325909274966,3,4,6,8,2,10,1,14,0,33,0.42857142857142855,0.42857142857142855,0.16666666666666666,0.06666666666666667,0
43700,5-10,190,Auburn,CB,Jonathan Jones,-1.3037635960591873,8,1,3,4,1,13,1,17,0,57,0.8888888888888888,0.42857142857142855,0.07142857142857142,0.05555555555555555,0
46083,6-6,265,Texas-San Antonio,DE,Marcus Davenport,-0.2406834884804584,0,0,0,0,1,7,0,20,0,50,,,0.125,0,0
45287,5-9,190,Valdosta State,CB,Kenny Moore,-4.199769447855729,7,8,4,13,6,20,1,29,1,63,0.4666666666666667,0.23529411764705882,0.23076923076923078,0.03333333333333333,0.015625
52444,6-1,197,Alabama,FS,Xavier McKinney,2.8083071848762104,7,2,4,2,5,24,0,42,2,49,0.7777777777777778,0.6666666666666666,0.1724137931034483,0,0.0392156862745098
44830,5-11,185,Southern California,CB,Adoree' Jackson,2.889675265894577,14,5,7,6,5,14,1,13,1,65,0.7368421052631579,0.5384615384615384,0.2631578947368421,0.07142857142857142,0.015151515151515152
52518,5-10,198,UCLA,CB,Darnay Holmes,-1.984503300908733,6,4,4,9,1,15,0,10,0,39,0.6,0.3076923076923077,0.0625,0,0
46132,6-1,206,Auburn,CB,Carlton Davis,-3.2971529663455157,9,5,9,10,5,13,2,9,1,57,0.6428571428571429,0.47368421052631576,0.2777777777777778,0.18181818181818182,0.017241379310344827
46190,5-11,192,Weber State,CB,Taron Johnson,-5.340520223451269,10,4,11,14,3,24,0,32,1,41,0.7142857142857143,0.44,0.1111111111111111,0,0.023809523809523808
54488,6-2,196,Florida,CB,Kaiir Elam,0.4238189930345917,16,2,3,4,5,13,1,17,0,48,0.8888888888888888,0.42857142857142855,0.2777777777777778,0.05555555555555555,0
53460,6-5,252,Penn State,OLB,Odafe Oweh,0.7914533613601615,2,1,1,3,1,13,0,26,1,98,0.6666666666666666,0.25,0.07142857142857142,0,0.010101010101010102
44854,6-1,195,Utah,FS,Marcus Williams,4.21077186985017,3,4,6,6,5,15,4,21,3,44,0.42857142857142855,0.5,0.25,0.16,0.06382978723404255
52436,6-1,227,Louisiana State,ILB,Patrick Queen,-3.8055893530690397,11,4,4,11,9,26,2,33,0,76,0.7333333333333333,0.26666666666666666,0.2571428571428571,0.05714285714285714,0
47843,6-0,206,Delaware,FS,Nasir Adderley,2.161639384226475,3,6,4,6,3,18,2,27,1,49,0.3333333333333333,0.4,0.14285714285714285,0.06896551724137931,0.02
38868,6-1,212,Wyoming,FS,Tashaun Gipson,3.7460825708594583,6,1,3,4,2,12,3,36,2,63,0.8571428571428571,0.42857142857142855,0.14285714285714285,0.07692307692307693,0.03076923076923077
41243,6-2,250,Alabama,ILB,C.J. Mosley,1.5382249856794816,8,3,13,14,12,24,3,30,1,50,0.7272727272727273,0.48148148148148145,0.3333333333333333,0.09090909090909091,0.0196078431372549
43522,6-0,191,Louisiana State,CB,Jalen Mills,-3.796441929157453,6,4,6,11,1,11,1,11,0,44,0.6,0.35294117647058826,0.08333333333333333,0.08333333333333333,0
44851,6-0,207,Florida,FS,Marcus Maye,3.5462174944222764,1,2,2,2,3,12,3,21,2,45,0.3333333333333333,0.5,0.2,0.125,0.0425531914893617
46188,6-2,216,West Virginia,ILB,Kyzir White,1.6421860515296582,8,0,3,13,4,17,2,20,3,46,1,0.1875,0.19047619047619047,0.09090909090909091,0.061224489795918366
48516,6-1,240,Wisconsin,ILB,T.J. Edwards,6.395061772493729,8,1,8,6,6,17,5,39,3,52,0.8888888888888888,0.5714285714285714,0.2608695652173913,0.11363636363636363,0.05454545454545454
54708,6-3,204,Washington State,CB,Jaylen Watson,1.3219186729971537,13,4,6,11,5,18,1,12,0,73,0.7647058823529411,0.35294117647058826,0.21739130434782608,0.07692307692307693,0
48026,5-11,200,Penn State,SS,Nick Scott,-1.1968302209478725,6,3,1,6,2,19,1,20,1,81,0.6666666666666666,0.14285714285714285,0.09523809523809523,0.047619047619047616,0.012195121951219513
42488,5-11,192,Memphis,FS,Bobby McCain,2.430165330929567,4,0,8,7,2,22,1,29,2,60,1,0.5333333333333333,0.08333333333333333,0.03333333333333333,0.03225806451612903
53476,5-10,180,Florida State,CB,Asante Samuel,-0.43038239124301203,13,6,3,5,3,13,0,15,2,74,0.6842105263157895,0.375,0.1875,0,0.02631578947368421
46091,6-2,234,Alabama,ILB,Rashaan Evans,3.635886336300231,9,3,8,20,8,28,5,51,1,82,0.75,0.2857142857142857,0.2222222222222222,0.08928571428571429,0.012048192771084338
